ID,roi_1,roi_2,cor_r
AA343,vmPFC,dmPFC,0.4554201855152858
AA343,vmPFC,PCC,0.626575538992482
AA343,dmPFC,PCC,0.41647128994998556
AA343,vmPFC,a_ins,0.3272923609660586
AA343,dmPFC,a_ins,0.6148518973769541
AA343,PCC,a_ins,0.13271079251348272
AA343,vmPFC,pm_ins,0.14134122659868278
AA343,dmPFC,pm_ins,0.4772122061188913
AA343,PCC,pm_ins,0.02641515786968785
AA343,a_ins,pm_ins,0.6957881334365908
AA343,vmPFC,dACC,0.2770482124648333
AA343,dmPFC,dACC,0.6362932620477093
AA343,PCC,dACC,0.3078767976305537
AA343,a_ins,dACC,0.4893563546809805
AA343,pm_ins,dACC,0.5448187562947349
AA343,vmPFC,amyg,0.4902180214108356
AA343,dmPFC,amyg,0.31541181215000347
AA343,PCC,amyg,0.2275417053580339
AA343,a_ins,amyg,0.2512856181525867
AA343,pm_ins,amyg,0.24191000329341136
AA343,dACC,amyg,0.16949684676264704
AA343,vmPFC,TP,0.34991112213488346
AA343,dmPFC,TP,0.08945962960024124
AA343,PCC,TP,0.1939952128557296
AA343,a_ins,TP,-0.18766598025026576
AA343,pm_ins,TP,0.01391166289943617
AA343,dACC,TP,0.07714614762278102
AA343,amyg,TP,0.35493023115808675
AA343,vmPFC,dlPFC,0.4960470663458212
AA343,dmPFC,dlPFC,0.8048827546937204
AA343,PCC,dlPFC,0.46008430646533843
AA343,a_ins,dlPFC,0.5604432745124439
AA343,pm_ins,dlPFC,0.3776916620168013
AA343,dACC,dlPFC,0.41889594686176274
AA343,amyg,dlPFC,0.3508493898686659
AA343,TP,dlPFC,0.07714893506189381
AD421,vmPFC,dmPFC,0.5751579519647162
AD421,vmPFC,PCC,0.6908029591212246
AD421,dmPFC,PCC,0.4238848750242241
AD421,vmPFC,a_ins,0.5056281638687491
AD421,dmPFC,a_ins,0.4246150800386441
AD421,PCC,a_ins,0.06347156341094759
AD421,vmPFC,pm_ins,0.3619979861024401
AD421,dmPFC,pm_ins,0.34058674789105403
AD421,PCC,pm_ins,-8.71881934244693e-4
AD421,a_ins,pm_ins,0.5584450398220343
AD421,vmPFC,dACC,0.6148049748256731
AD421,dmPFC,dACC,0.5033990678016822
AD421,PCC,dACC,0.3717007477934105
AD421,a_ins,dACC,0.6381009306706888
AD421,pm_ins,dACC,0.6038790974494577
AD421,vmPFC,amyg,0.3850283157166692
AD421,dmPFC,amyg,0.20567454995830528
AD421,PCC,amyg,0.193689480952309
AD421,a_ins,amyg,0.2967064497266099
AD421,pm_ins,amyg,0.39652489442270333
AD421,dACC,amyg,0.2267917613793469
AD421,vmPFC,TP,0.21230595214208256
AD421,dmPFC,TP,0.3401418312694351
AD421,PCC,TP,0.1617270070954236
AD421,a_ins,TP,0.13397775577630028
AD421,pm_ins,TP,0.4019122053945187
AD421,dACC,TP,0.15622920936065196
AD421,amyg,TP,0.3527522482644468
AD421,vmPFC,dlPFC,0.6108205249657916
AD421,dmPFC,dlPFC,0.746883301453053
AD421,PCC,dlPFC,0.6009572862356175
AD421,a_ins,dlPFC,0.3006842213158974
AD421,pm_ins,dlPFC,0.21855197511035349
AD421,dACC,dlPFC,0.4736452754858466
AD421,amyg,dlPFC,0.19537455349542643
AD421,TP,dlPFC,0.23105877261754038
AG474,vmPFC,dmPFC,0.7310408707436841
AG474,vmPFC,PCC,0.6125340931382738
AG474,dmPFC,PCC,0.5412208349461926
AG474,vmPFC,a_ins,0.7132599851478343
AG474,dmPFC,a_ins,0.7931313401203326
AG474,PCC,a_ins,0.3164231799778971
AG474,vmPFC,pm_ins,0.5284052439111223
AG474,dmPFC,pm_ins,0.582598791792321
AG474,PCC,pm_ins,0.2178047263354432
AG474,a_ins,pm_ins,0.7093054846445095
AG474,vmPFC,dACC,0.6581501313692716
AG474,dmPFC,dACC,0.7332328909298014
AG474,PCC,dACC,0.23588726653216838
AG474,a_ins,dACC,0.7783985500456614
AG474,pm_ins,dACC,0.7532442383760314
AG474,vmPFC,amyg,0.608655250178721
AG474,dmPFC,amyg,0.5417326347307533
AG474,PCC,amyg,0.42420523215907474
AG474,a_ins,amyg,0.5232257853158472
AG474,pm_ins,amyg,0.6418498582860392
AG474,dACC,amyg,0.5516386091837893
AG474,vmPFC,TP,0.4534189049041218
AG474,dmPFC,TP,0.335148126125826
AG474,PCC,TP,0.41012192744338327
AG474,a_ins,TP,0.36926624302374067
AG474,pm_ins,TP,0.5044314680031363
AG474,dACC,TP,0.37193976457224
AG474,amyg,TP,0.6392096488723453
AG474,vmPFC,dlPFC,0.7228596774533781
AG474,dmPFC,dlPFC,0.8563412976662127
AG474,PCC,dlPFC,0.6975658468683741
AG474,a_ins,dlPFC,0.6445490519459239
AG474,pm_ins,dlPFC,0.509683358563842
AG474,dACC,dlPFC,0.5568228555387276
AG474,amyg,dlPFC,0.5299418591015462
AG474,TP,dlPFC,0.3739214059860498
AL747,vmPFC,dmPFC,0.4785315566970759
AL747,vmPFC,PCC,0.45616475919480953
AL747,dmPFC,PCC,0.36466052725338083
AL747,vmPFC,a_ins,0.430639522493325
AL747,dmPFC,a_ins,0.5302984438966618
AL747,PCC,a_ins,0.3021907587154209
AL747,vmPFC,pm_ins,0.37788981934054533
AL747,dmPFC,pm_ins,0.3850955776923801
AL747,PCC,pm_ins,0.049295990973866007
AL747,a_ins,pm_ins,0.5981447866984072
AL747,vmPFC,dACC,0.2856430346403495
AL747,dmPFC,dACC,0.46840505649102504
AL747,PCC,dACC,0.33211358614530556
AL747,a_ins,dACC,0.6697501816677012
AL747,pm_ins,dACC,0.5635531757610052
AL747,vmPFC,amyg,0.4717605283666235
AL747,dmPFC,amyg,0.2447277808502669
AL747,PCC,amyg,0.12852754394932375
AL747,a_ins,amyg,0.28104279647554775
AL747,pm_ins,amyg,0.48473988592149053
AL747,dACC,amyg,0.22849304002114668
AL747,vmPFC,TP,0.3255165589387214
AL747,dmPFC,TP,0.19349035754970503
AL747,PCC,TP,0.29724203790437326
AL747,a_ins,TP,0.09980154798424568
AL747,pm_ins,TP,0.1055165766991288
AL747,dACC,TP,0.15381378632657522
AL747,amyg,TP,0.42342102441784035
AL747,vmPFC,dlPFC,0.3781029805440382
AL747,dmPFC,dlPFC,0.8375442732145756
AL747,PCC,dlPFC,0.3342832047229875
AL747,a_ins,dlPFC,0.3464059063237523
AL747,pm_ins,dlPFC,0.3399523237173964
AL747,dACC,dlPFC,0.35466424912096217
AL747,amyg,dlPFC,0.27589301797748544
AL747,TP,dlPFC,0.17041143291113942
AM140,vmPFC,dmPFC,0.4655693206521956
AM140,vmPFC,PCC,0.7146819336651743
AM140,dmPFC,PCC,0.36331404645906357
AM140,vmPFC,a_ins,0.3501521185900411
AM140,dmPFC,a_ins,0.5717975736972666
AM140,PCC,a_ins,0.08827036440897436
AM140,vmPFC,pm_ins,0.15086058732344676
AM140,dmPFC,pm_ins,0.24960551567179506
AM140,PCC,pm_ins,-0.13388812437488704
AM140,a_ins,pm_ins,0.4808085365623741
AM140,vmPFC,dACC,0.3845045110041034
AM140,dmPFC,dACC,0.5447341570353761
AM140,PCC,dACC,0.1568043394000767
AM140,a_ins,dACC,0.6328890500142804
AM140,pm_ins,dACC,0.6298311812666596
AM140,vmPFC,amyg,0.21842319360915755
AM140,dmPFC,amyg,0.043214154081558716
AM140,PCC,amyg,0.2301558929249035
AM140,a_ins,amyg,0.13905206762174308
AM140,pm_ins,amyg,0.12706817947962823
AM140,dACC,amyg,0.14595608697925141
AM140,vmPFC,TP,0.19502484875657655
AM140,dmPFC,TP,0.08891752773904679
AM140,PCC,TP,0.1561804384853623
AM140,a_ins,TP,0.17715313091714574
AM140,pm_ins,TP,0.051511044698988456
AM140,dACC,TP,0.12308732264063928
AM140,amyg,TP,0.44004098112139495
AM140,vmPFC,dlPFC,0.5143881312577259
AM140,dmPFC,dlPFC,0.6855520453683286
AM140,PCC,dlPFC,0.6157453389922029
AM140,a_ins,dlPFC,0.20828569673803873
AM140,pm_ins,dlPFC,-0.0031748252332797107
AM140,dACC,dlPFC,0.16523913986156064
AM140,amyg,dlPFC,0.058598745436244
AM140,TP,dlPFC,-0.03117070809881595
AO631,vmPFC,dmPFC,0.5510845011695886
AO631,vmPFC,PCC,0.6330821690542877
AO631,dmPFC,PCC,0.49357458681629734
AO631,vmPFC,a_ins,0.5052187859969646
AO631,dmPFC,a_ins,0.702245792863139
AO631,PCC,a_ins,0.2082752454790915
AO631,vmPFC,pm_ins,0.32802249960833546
AO631,dmPFC,pm_ins,0.49053366603130183
AO631,PCC,pm_ins,0.04069702598159352
AO631,a_ins,pm_ins,0.6787195757908112
AO631,vmPFC,dACC,0.3585271148920058
AO631,dmPFC,dACC,0.6686361347393154
AO631,PCC,dACC,0.2556567413033005
AO631,a_ins,dACC,0.5785369142066225
AO631,pm_ins,dACC,0.6486722129606781
AO631,vmPFC,amyg,0.2841934641825062
AO631,dmPFC,amyg,0.0696422615988778
AO631,PCC,amyg,0.21025528187208936
AO631,a_ins,amyg,0.11477079400772872
AO631,pm_ins,amyg,0.08808313662876793
AO631,dACC,amyg,-0.14630110508686595
AO631,vmPFC,TP,0.4135014868627795
AO631,dmPFC,TP,0.17571486693082541
AO631,PCC,TP,0.3677268701781294
AO631,a_ins,TP,0.09011917168163242
AO631,pm_ins,TP,-0.04377259938978327
AO631,dACC,TP,0.013648282114274105
AO631,amyg,TP,0.5295716893645754
AO631,vmPFC,dlPFC,0.5144099155799003
AO631,dmPFC,dlPFC,0.6640932038919959
AO631,PCC,dlPFC,0.5367258986246017
AO631,a_ins,dlPFC,0.48062011993892007
AO631,pm_ins,dlPFC,0.23534814374193103
AO631,dACC,dlPFC,0.32811666725521754
AO631,amyg,dlPFC,0.14826086001986002
AO631,TP,dlPFC,0.23628047823151
AO851,vmPFC,dmPFC,0.364509380842724
AO851,vmPFC,PCC,0.49025823466667984
AO851,dmPFC,PCC,0.42848544709888764
AO851,vmPFC,a_ins,0.4354559300559419
AO851,dmPFC,a_ins,0.527825427911509
AO851,PCC,a_ins,0.22365142258427867
AO851,vmPFC,pm_ins,0.3504203959117136
AO851,dmPFC,pm_ins,0.4488370603649126
AO851,PCC,pm_ins,0.35315142180007125
AO851,a_ins,pm_ins,0.48782970635096773
AO851,vmPFC,dACC,0.21561900523032454
AO851,dmPFC,dACC,0.7628842192923512
AO851,PCC,dACC,0.5060075023691321
AO851,a_ins,dACC,0.29112022481557415
AO851,pm_ins,dACC,0.5294418603032827
AO851,vmPFC,amyg,0.4738677310988506
AO851,dmPFC,amyg,0.30552723227716944
AO851,PCC,amyg,0.38062764564772494
AO851,a_ins,amyg,0.2955840156459146
AO851,pm_ins,amyg,0.4389747680730305
AO851,dACC,amyg,0.36227908517635427
AO851,vmPFC,TP,0.375833429400522
AO851,dmPFC,TP,0.2601291509991713
AO851,PCC,TP,0.34200844771273115
AO851,a_ins,TP,0.16148263434597424
AO851,pm_ins,TP,0.1993716629791686
AO851,dACC,TP,0.21086382796915287
AO851,amyg,TP,0.5557077672984841
AO851,vmPFC,dlPFC,0.5184605373470761
AO851,dmPFC,dlPFC,0.8217926213682943
AO851,PCC,dlPFC,0.5089492961648351
AO851,a_ins,dlPFC,0.4872605244768175
AO851,pm_ins,dlPFC,0.367062232677398
AO851,dACC,dlPFC,0.6115870455341104
AO851,amyg,dlPFC,0.3119271900732463
AO851,TP,dlPFC,0.31301500246601754
AP493,vmPFC,dmPFC,0.4806351999338441
AP493,vmPFC,PCC,0.6451008774127335
AP493,dmPFC,PCC,0.26061918738934
AP493,vmPFC,a_ins,0.4486028222688281
AP493,dmPFC,a_ins,0.7010093486365071
AP493,PCC,a_ins,0.05502466143448764
AP493,vmPFC,pm_ins,0.34099052289511406
AP493,dmPFC,pm_ins,0.3068562657789633
AP493,PCC,pm_ins,0.0733172414814749
AP493,a_ins,pm_ins,0.5013071943188975
AP493,vmPFC,dACC,0.5642767896778401
AP493,dmPFC,dACC,0.66431684594724
AP493,PCC,dACC,0.31741913892877494
AP493,a_ins,dACC,0.6413041201959792
AP493,pm_ins,dACC,0.6058979618499073
AP493,vmPFC,amyg,0.3575757845702441
AP493,dmPFC,amyg,0.15952874977738613
AP493,PCC,amyg,0.17308876399012502
AP493,a_ins,amyg,0.32610800830413256
AP493,pm_ins,amyg,0.3030573392650181
AP493,dACC,amyg,0.20574011363430558
AP493,vmPFC,TP,0.11287838135757147
AP493,dmPFC,TP,0.11996271527122068
AP493,PCC,TP,0.014517587907405797
AP493,a_ins,TP,0.218930951935615
AP493,pm_ins,TP,0.006271252574264909
AP493,dACC,TP,-0.009043930895578301
AP493,amyg,TP,0.4013932457705857
AP493,vmPFC,dlPFC,0.5608430320612983
AP493,dmPFC,dlPFC,0.7964840554531389
AP493,PCC,dlPFC,0.4310499854195007
AP493,a_ins,dlPFC,0.5851985006984348
AP493,pm_ins,dlPFC,0.37841092575917673
AP493,dACC,dlPFC,0.721661880663616
AP493,amyg,dlPFC,0.1547580056638272
AP493,TP,dlPFC,0.03404412977698481
AP614,vmPFC,dmPFC,0.3476830213775769
AP614,vmPFC,PCC,0.6931332286824734
AP614,dmPFC,PCC,-0.019078396134217638
AP614,vmPFC,a_ins,0.08334220192905258
AP614,dmPFC,a_ins,0.6075882192213135
AP614,PCC,a_ins,-0.23696426093709425
AP614,vmPFC,pm_ins,-0.08314594370837917
AP614,dmPFC,pm_ins,0.12554281174864615
AP614,PCC,pm_ins,-0.009749509907861682
AP614,a_ins,pm_ins,0.1641380900125112
AP614,vmPFC,dACC,0.051686521571822776
AP614,dmPFC,dACC,0.6097987956074903
AP614,PCC,dACC,-0.015306177110749037
AP614,a_ins,dACC,0.5425891679690905
AP614,pm_ins,dACC,0.4621437784788861
AP614,vmPFC,amyg,0.2331903668060122
AP614,dmPFC,amyg,0.06169188149847524
AP614,PCC,amyg,0.20700899532394954
AP614,a_ins,amyg,-0.10071975758536693
AP614,pm_ins,amyg,0.49159977413387407
AP614,dACC,amyg,0.09691083291105658
AP614,vmPFC,TP,0.25081476983037576
AP614,dmPFC,TP,-0.18597728788370682
AP614,PCC,TP,0.3975690649266876
AP614,a_ins,TP,-0.26815251512843047
AP614,pm_ins,TP,0.3597749600063015
AP614,dACC,TP,-0.05076218687446503
AP614,amyg,TP,0.47104882775695334
AP614,vmPFC,dlPFC,0.6485139062739765
AP614,dmPFC,dlPFC,0.5722460718221066
AP614,PCC,dlPFC,0.40353926894687137
AP614,a_ins,dlPFC,0.25010612756841033
AP614,pm_ins,dlPFC,-0.16347141649823232
AP614,dACC,dlPFC,0.11651648159987969
AP614,amyg,dlPFC,0.08382204943734473
AP614,TP,dlPFC,-0.04964623241284214
AP624,vmPFC,dmPFC,0.7192543586117343
AP624,vmPFC,PCC,0.7397695349040463
AP624,dmPFC,PCC,0.6665249316317848
AP624,vmPFC,a_ins,0.6320529221525543
AP624,dmPFC,a_ins,0.671618199828359
AP624,PCC,a_ins,0.4100017100387895
AP624,vmPFC,pm_ins,0.5820506977041309
AP624,dmPFC,pm_ins,0.49568553258207193
AP624,PCC,pm_ins,0.3635031167348738
AP624,a_ins,pm_ins,0.6981466952127297
AP624,vmPFC,dACC,0.7499786846115546
AP624,dmPFC,dACC,0.7824587835091312
AP624,PCC,dACC,0.5701461739822807
AP624,a_ins,dACC,0.7353413568480847
AP624,pm_ins,dACC,0.7164887467294382
AP624,vmPFC,amyg,0.5599568346536711
AP624,dmPFC,amyg,0.39600243917924055
AP624,PCC,amyg,0.3616664260472674
AP624,a_ins,amyg,0.4663069206855982
AP624,pm_ins,amyg,0.6109403614858911
AP624,dACC,amyg,0.5178750601411847
AP624,vmPFC,TP,0.419746021949197
AP624,dmPFC,TP,0.3633202294521702
AP624,PCC,TP,0.26025681936368544
AP624,a_ins,TP,0.29989148174750657
AP624,pm_ins,TP,0.29128234538933234
AP624,dACC,TP,0.2857776521651029
AP624,amyg,TP,0.38171403072698573
AP624,vmPFC,dlPFC,0.7434004717008746
AP624,dmPFC,dlPFC,0.8408847751234533
AP624,PCC,dlPFC,0.723914444366086
AP624,a_ins,dlPFC,0.56311028259991
AP624,pm_ins,dlPFC,0.4319299031325446
AP624,dACC,dlPFC,0.6470089199963075
AP624,amyg,dlPFC,0.4153390456962522
AP624,TP,dlPFC,0.29215644313256955
AP954,vmPFC,dmPFC,0.3491899430368769
AP954,vmPFC,PCC,0.7769448167082429
AP954,dmPFC,PCC,0.22221968263833602
AP954,vmPFC,a_ins,0.22866049342823083
AP954,dmPFC,a_ins,0.47624964074718606
AP954,PCC,a_ins,-0.06387962938679688
AP954,vmPFC,pm_ins,0.03998228579507547
AP954,dmPFC,pm_ins,0.0990115627916701
AP954,PCC,pm_ins,-0.3030876325968865
AP954,a_ins,pm_ins,0.5778059983240607
AP954,vmPFC,dACC,0.2267761014787926
AP954,dmPFC,dACC,0.47141332253057167
AP954,PCC,dACC,-0.08618575589020856
AP954,a_ins,dACC,0.6079635480333049
AP954,pm_ins,dACC,0.5364002109736552
AP954,vmPFC,amyg,0.40205958957556703
AP954,dmPFC,amyg,0.25048408128527583
AP954,PCC,amyg,0.20413299448768576
AP954,a_ins,amyg,0.358000369992018
AP954,pm_ins,amyg,0.32043369068458527
AP954,dACC,amyg,0.24425481587419637
AP954,vmPFC,TP,0.433671327641697
AP954,dmPFC,TP,0.022746697322498753
AP954,PCC,TP,0.48466433926149355
AP954,a_ins,TP,-0.1973095095992416
AP954,pm_ins,TP,-0.10696560602392659
AP954,dACC,TP,-0.12462771236072083
AP954,amyg,TP,0.14616771664436065
AP954,vmPFC,dlPFC,0.41770045323606053
AP954,dmPFC,dlPFC,0.7647629310831827
AP954,PCC,dlPFC,0.28531182918147974
AP954,a_ins,dlPFC,0.30208926935110975
AP954,pm_ins,dlPFC,0.03760429788057258
AP954,dACC,dlPFC,0.32042984977952854
AP954,amyg,dlPFC,0.25405989477490215
AP954,TP,dlPFC,0.07499170887681444
AS599,vmPFC,dmPFC,0.5602655246010929
AS599,vmPFC,PCC,0.7351607950144795
AS599,dmPFC,PCC,0.6079491866151566
AS599,vmPFC,a_ins,0.6038325509013833
AS599,dmPFC,a_ins,0.6535963664411494
AS599,PCC,a_ins,0.5137871901131562
AS599,vmPFC,pm_ins,0.5930741641004951
AS599,dmPFC,pm_ins,0.512429108048113
AS599,PCC,pm_ins,0.5465277849238256
AS599,a_ins,pm_ins,0.7213639615046605
AS599,vmPFC,dACC,0.6940703984339295
AS599,dmPFC,dACC,0.7002368744267745
AS599,PCC,dACC,0.693056956277512
AS599,a_ins,dACC,0.6736058601427585
AS599,pm_ins,dACC,0.6625005540016562
AS599,vmPFC,amyg,0.4474215046282243
AS599,dmPFC,amyg,0.3890400641209775
AS599,PCC,amyg,0.3182440213286153
AS599,a_ins,amyg,0.4614248352886467
AS599,pm_ins,amyg,0.5257251532568605
AS599,dACC,amyg,0.36142553882543116
AS599,vmPFC,TP,0.12864303668677338
AS599,dmPFC,TP,0.2847832127999658
AS599,PCC,TP,0.15902391319543246
AS599,a_ins,TP,0.17544722131038748
AS599,pm_ins,TP,0.07765133181734907
AS599,dACC,TP,0.10105300285827051
AS599,amyg,TP,0.1653495014267411
AS599,vmPFC,dlPFC,0.6741735444328645
AS599,dmPFC,dlPFC,0.8298253263138101
AS599,PCC,dlPFC,0.706614496476876
AS599,a_ins,dlPFC,0.6021507624502922
AS599,pm_ins,dlPFC,0.5710551938841048
AS599,dACC,dlPFC,0.623885331127969
AS599,amyg,dlPFC,0.466004122433622
AS599,TP,dlPFC,0.23767932418923668
AS935,vmPFC,dmPFC,0.6292029865059299
AS935,vmPFC,PCC,0.5905681909331901
AS935,dmPFC,PCC,0.30979581909207526
AS935,vmPFC,a_ins,0.6033843678754098
AS935,dmPFC,a_ins,0.7448629731283424
AS935,PCC,a_ins,0.11947894299973938
AS935,vmPFC,pm_ins,0.5775250449551163
AS935,dmPFC,pm_ins,0.6924371312845927
AS935,PCC,pm_ins,0.15148023044198963
AS935,a_ins,pm_ins,0.8281332687989016
AS935,vmPFC,dACC,0.5353022975086544
AS935,dmPFC,dACC,0.7523994737482029
AS935,PCC,dACC,0.17178327910700858
AS935,a_ins,dACC,0.6809346469587466
AS935,pm_ins,dACC,0.7450921400013354
AS935,vmPFC,amyg,0.40483820473631393
AS935,dmPFC,amyg,0.2779861387616913
AS935,PCC,amyg,0.1404013884228064
AS935,a_ins,amyg,0.46712505128213533
AS935,pm_ins,amyg,0.47587060301848394
AS935,dACC,amyg,0.3413994469941818
AS935,vmPFC,TP,0.5990687388565559
AS935,dmPFC,TP,0.5063823710087734
AS935,PCC,TP,0.337487509332229
AS935,a_ins,TP,0.48690636771311774
AS935,pm_ins,TP,0.5708733300211931
AS935,dACC,TP,0.5158564548976943
AS935,amyg,TP,0.555926282528968
AS935,vmPFC,dlPFC,0.7250561251550748
AS935,dmPFC,dlPFC,0.7789416312330784
AS935,PCC,dlPFC,0.5349802013822786
AS935,a_ins,dlPFC,0.5650795487830998
AS935,pm_ins,dlPFC,0.4875009009612596
AS935,dACC,dlPFC,0.5322525895850911
AS935,amyg,dlPFC,0.28043028921674906
AS935,TP,dlPFC,0.4392283023861085
AT045,vmPFC,dmPFC,0.7863171806933654
AT045,vmPFC,PCC,0.7957033625411623
AT045,dmPFC,PCC,0.6262369670847086
AT045,vmPFC,a_ins,0.6005463842770803
AT045,dmPFC,a_ins,0.7670428247340362
AT045,PCC,a_ins,0.4996588048706718
AT045,vmPFC,pm_ins,0.4567260681374702
AT045,dmPFC,pm_ins,0.6047655839327414
AT045,PCC,pm_ins,0.409049097737201
AT045,a_ins,pm_ins,0.7531159368002694
AT045,vmPFC,dACC,0.6139873702959956
AT045,dmPFC,dACC,0.776984682795843
AT045,PCC,dACC,0.600664509949319
AT045,a_ins,dACC,0.8064119381415914
AT045,pm_ins,dACC,0.7596416529410895
AT045,vmPFC,amyg,0.6320391220748542
AT045,dmPFC,amyg,0.5498877809494362
AT045,PCC,amyg,0.4616840773146447
AT045,a_ins,amyg,0.49410829360095737
AT045,pm_ins,amyg,0.46947320610167603
AT045,dACC,amyg,0.4291125864934985
AT045,vmPFC,TP,0.5362352652982829
AT045,dmPFC,TP,0.5570338407198032
AT045,PCC,TP,0.36741161962952656
AT045,a_ins,TP,0.46137885538630846
AT045,pm_ins,TP,0.4649112491721277
AT045,dACC,TP,0.3990304136851368
AT045,amyg,TP,0.617706485310597
AT045,vmPFC,dlPFC,0.7971739188520165
AT045,dmPFC,dlPFC,0.8439610068947447
AT045,PCC,dlPFC,0.7881445387941752
AT045,a_ins,dlPFC,0.6877581544525119
AT045,pm_ins,dlPFC,0.5181719645084265
AT045,dACC,dlPFC,0.7425492517414878
AT045,amyg,dlPFC,0.514895084983077
AT045,TP,dlPFC,0.44449953404563686
AT814,vmPFC,dmPFC,0.6671631489789082
AT814,vmPFC,PCC,0.8276002966827346
AT814,dmPFC,PCC,0.6404958272441692
AT814,vmPFC,a_ins,0.46870028973877154
AT814,dmPFC,a_ins,0.774195069491413
AT814,PCC,a_ins,0.4167209912479798
AT814,vmPFC,pm_ins,0.54468814143056965
AT814,dmPFC,pm_ins,0.6046252932004287
AT814,PCC,pm_ins,0.5199891442494314
AT814,a_ins,pm_ins,0.7241539481967432
AT814,vmPFC,dACC,0.6470888376557679
AT814,dmPFC,dACC,0.848482922790715
AT814,PCC,dACC,0.652736546700002
AT814,a_ins,dACC,0.8041565182721935
AT814,pm_ins,dACC,0.7924304063052034
AT814,vmPFC,amyg,0.546558953918004
AT814,dmPFC,amyg,0.28772336207088284
AT814,PCC,amyg,0.47508538161100655
AT814,a_ins,amyg,0.361083435631769
AT814,pm_ins,amyg,0.5099956039039626
AT814,dACC,amyg,0.42687246812802865
AT814,vmPFC,TP,0.4123871437341799
AT814,dmPFC,TP,0.3251168747370685
AT814,PCC,TP,0.4031845013541915
AT814,a_ins,TP,0.2770369276016995
AT814,pm_ins,TP,0.362452691653552
AT814,dACC,TP,0.32878314213587967
AT814,amyg,TP,0.4216380267835438
AT814,vmPFC,dlPFC,0.8051619755643578
AT814,dmPFC,dlPFC,0.8721957932119478
AT814,PCC,dlPFC,0.7793824167033206
AT814,a_ins,dlPFC,0.5802488383901337
AT814,pm_ins,dlPFC,0.5528680383390921
AT814,dACC,dlPFC,0.7488731148853034
AT814,amyg,dlPFC,0.36742664432058336
AT814,TP,dlPFC,0.31948089315271955
AT847,vmPFC,dmPFC,0.5515137860761289
AT847,vmPFC,PCC,0.688868674919553
AT847,dmPFC,PCC,0.22954605650140528
AT847,vmPFC,a_ins,0.49109594479587415
AT847,dmPFC,a_ins,0.6582059975650448
AT847,PCC,a_ins,0.16670111180340091
AT847,vmPFC,pm_ins,0.439733570456306
AT847,dmPFC,pm_ins,0.5210906669447946
AT847,PCC,pm_ins,0.1456451844172548
AT847,a_ins,pm_ins,0.623757584627908
AT847,vmPFC,dACC,0.48066742110861416
AT847,dmPFC,dACC,0.6147337389185735
AT847,PCC,dACC,0.1925318819510227
AT847,a_ins,dACC,0.6308339608141734
AT847,pm_ins,dACC,0.7114434308842977
AT847,vmPFC,amyg,0.2742971143502004
AT847,dmPFC,amyg,0.10114022740040492
AT847,PCC,amyg,0.08716343998257287
AT847,a_ins,amyg,0.14591817108284338
AT847,pm_ins,amyg,0.37155333444600364
AT847,dACC,amyg,0.10775570793934036
AT847,vmPFC,TP,0.5919694529265206
AT847,dmPFC,TP,0.2564634967205272
AT847,PCC,TP,0.610883723283151
AT847,a_ins,TP,0.2261172209104167
AT847,pm_ins,TP,0.2849355187468578
AT847,dACC,TP,0.2484101219792469
AT847,amyg,TP,0.3681727319859462
AT847,vmPFC,dlPFC,0.6328207949240725
AT847,dmPFC,dlPFC,0.8108885382298066
AT847,PCC,dlPFC,0.39091813773017003
AT847,a_ins,dlPFC,0.44319428149168766
AT847,pm_ins,dlPFC,0.36453174892110013
AT847,dACC,dlPFC,0.3898793740828739
AT847,amyg,dlPFC,0.17889720283264
AT847,TP,dlPFC,0.2714389308491859
AU064,vmPFC,dmPFC,0.28964173425290407
AU064,vmPFC,PCC,0.6451683918563433
AU064,dmPFC,PCC,0.24858770617052467
AU064,vmPFC,a_ins,0.12293871404183736
AU064,dmPFC,a_ins,0.2686970052566608
AU064,PCC,a_ins,0.13765391015997983
AU064,vmPFC,pm_ins,-0.2105808180287318
AU064,dmPFC,pm_ins,-0.2002597068028649
AU064,PCC,pm_ins,-0.04725368794783381
AU064,a_ins,pm_ins,0.2553512626845343
AU064,vmPFC,dACC,-0.0663350027578829
AU064,dmPFC,dACC,0.0012068420711198425
AU064,PCC,dACC,0.07985334357265139
AU064,a_ins,dACC,0.45685809122077675
AU064,pm_ins,dACC,0.5848718251496957
AU064,vmPFC,amyg,0.4170540618150306
AU064,dmPFC,amyg,-0.060031248798902634
AU064,PCC,amyg,0.300514633504839
AU064,a_ins,amyg,0.06366419090661572
AU064,pm_ins,amyg,0.2430329936658293
AU064,dACC,amyg,0.14456624669632423
AU064,vmPFC,TP,0.4958396040748579
AU064,dmPFC,TP,0.13490959199494904
AU064,PCC,TP,0.26575476719644636
AU064,a_ins,TP,0.10772531710733076
AU064,pm_ins,TP,-0.1893609227395108
AU064,dACC,TP,-0.18251444807612507
AU064,amyg,TP,0.3382891285239208
AU064,vmPFC,dlPFC,0.4609809674124485
AU064,dmPFC,dlPFC,0.6652304458788717
AU064,PCC,dlPFC,0.49619146355383514
AU064,a_ins,dlPFC,0.09350721141302494
AU064,pm_ins,dlPFC,-0.2601893145311738
AU064,dACC,dlPFC,-0.11253634366511903
AU064,amyg,dlPFC,0.051733762601234023
AU064,TP,dlPFC,0.1896483500733497
AU602,vmPFC,dmPFC,0.4566409723815476
AU602,vmPFC,PCC,0.5630973860358798
AU602,dmPFC,PCC,0.33404689894072265
AU602,vmPFC,a_ins,0.26705277045626596
AU602,dmPFC,a_ins,0.5403579945606233
AU602,PCC,a_ins,0.10179670842636196
AU602,vmPFC,pm_ins,0.2475948876896117
AU602,dmPFC,pm_ins,0.2958702438599204
AU602,PCC,pm_ins,0.2787569014374122
AU602,a_ins,pm_ins,0.609743477416107
AU602,vmPFC,dACC,0.39011725289305715
AU602,dmPFC,dACC,0.7050102944871955
AU602,PCC,dACC,0.18780368715148657
AU602,a_ins,dACC,0.718886552561293
AU602,pm_ins,dACC,0.46089504700687967
AU602,vmPFC,amyg,0.3823196656848944
AU602,dmPFC,amyg,0.13876806375963582
AU602,PCC,amyg,0.32990348140245357
AU602,a_ins,amyg,0.0024212074172821124
AU602,pm_ins,amyg,0.2619533052905156
AU602,dACC,amyg,0.010930164995067822
AU602,vmPFC,TP,0.44290685626738313
AU602,dmPFC,TP,0.18904248747672042
AU602,PCC,TP,0.32647425632843335
AU602,a_ins,TP,-0.09874067286950507
AU602,pm_ins,TP,0.05460860970432914
AU602,dACC,TP,0.04431571180604857
AU602,amyg,TP,0.3866390547245076
AU602,vmPFC,dlPFC,0.5515684045975207
AU602,dmPFC,dlPFC,0.829449357342735
AU602,PCC,dlPFC,0.3476937694737465
AU602,a_ins,dlPFC,0.4871286075254398
AU602,pm_ins,dlPFC,0.2789329629708584
AU602,dACC,dlPFC,0.5842611886789201
AU602,amyg,dlPFC,0.1495430786477592
AU602,TP,dlPFC,0.17188013973126232
AU739,vmPFC,dmPFC,0.47567728911815393
AU739,vmPFC,PCC,0.7820034418991899
AU739,dmPFC,PCC,0.3916668266928083
AU739,vmPFC,a_ins,0.33862497192295443
AU739,dmPFC,a_ins,0.6254617120944139
AU739,PCC,a_ins,0.14400030938390432
AU739,vmPFC,pm_ins,0.03747082729993369
AU739,dmPFC,pm_ins,0.2790926035307747
AU739,PCC,pm_ins,-0.09218606848969312
AU739,a_ins,pm_ins,0.56474553383447
AU739,vmPFC,dACC,0.34505522504514036
AU739,dmPFC,dACC,0.604015762386236
AU739,PCC,dACC,0.19936790823361536
AU739,a_ins,dACC,0.5904842693752081
AU739,pm_ins,dACC,0.44225234992662765
AU739,vmPFC,amyg,-0.2065224860189234
AU739,dmPFC,amyg,-0.1251343696989314
AU739,PCC,amyg,-0.228968165263882
AU739,a_ins,amyg,0.22310893704084533
AU739,pm_ins,amyg,0.34007687701913475
AU739,dACC,amyg,0.18610990876674655
AU739,vmPFC,TP,-0.10908513759704717
AU739,dmPFC,TP,0.036572025226181366
AU739,PCC,TP,-0.04495436263786564
AU739,a_ins,TP,0.2115961437071596
AU739,pm_ins,TP,0.13588877297856328
AU739,dACC,TP,0.29498822512157324
AU739,amyg,TP,0.6488646207799029
AU739,vmPFC,dlPFC,0.5420298903460695
AU739,dmPFC,dlPFC,0.7787662450486205
AU739,PCC,dlPFC,0.5715892863235507
AU739,a_ins,dlPFC,0.31829247333627386
AU739,pm_ins,dlPFC,0.12524073005219438
AU739,dACC,dlPFC,0.4400198910963076
AU739,amyg,dlPFC,-0.15805862492009604
AU739,TP,dlPFC,-0.005278960758151844
AU767,vmPFC,dmPFC,0.6938638368023231
AU767,vmPFC,PCC,0.8154764266884867
AU767,dmPFC,PCC,0.5637026182968903
AU767,vmPFC,a_ins,0.49683221271775424
AU767,dmPFC,a_ins,0.7322667698998184
AU767,PCC,a_ins,0.3345237776255015
AU767,vmPFC,pm_ins,0.5895434724736417
AU767,dmPFC,pm_ins,0.7115509867660825
AU767,PCC,pm_ins,0.465827493372181
AU767,a_ins,pm_ins,0.772589529320078
AU767,vmPFC,dACC,0.7695011540706298
AU767,dmPFC,dACC,0.8216120588490848
AU767,PCC,dACC,0.7189433199415239
AU767,a_ins,dACC,0.6092339213792368
AU767,pm_ins,dACC,0.7020207775348859
AU767,vmPFC,amyg,0.22524575751356618
AU767,dmPFC,amyg,0.12004316900883776
AU767,PCC,amyg,0.17293771191497972
AU767,a_ins,amyg,0.3499201819123982
AU767,pm_ins,amyg,0.3384493301408566
AU767,dACC,amyg,0.10483675372984404
AU767,vmPFC,TP,0.5399625188284216
AU767,dmPFC,TP,0.47709875387641776
AU767,PCC,TP,0.4535170021606396
AU767,a_ins,TP,0.32632113853896766
AU767,pm_ins,TP,0.46773497776869083
AU767,dACC,TP,0.4321201697958437
AU767,amyg,TP,0.3827470435205508
AU767,vmPFC,dlPFC,0.8117237671647651
AU767,dmPFC,dlPFC,0.7782719171328929
AU767,PCC,dlPFC,0.7599230034650182
AU767,a_ins,dlPFC,0.5218401793221784
AU767,pm_ins,dlPFC,0.5309360105196609
AU767,dACC,dlPFC,0.7772979292074526
AU767,amyg,dlPFC,0.03332197938710647
AU767,TP,dlPFC,0.4065147650298401
AV350,vmPFC,dmPFC,0.7270210707966156
AV350,vmPFC,PCC,0.8161352896502195
AV350,dmPFC,PCC,0.6615937764587404
AV350,vmPFC,a_ins,0.5761375086924937
AV350,dmPFC,a_ins,0.8028330277004347
AV350,PCC,a_ins,0.46737410953151626
AV350,vmPFC,pm_ins,0.5657588946477071
AV350,dmPFC,pm_ins,0.7232528601092054
AV350,PCC,pm_ins,0.416255792647118
AV350,a_ins,pm_ins,0.7596994179054686
AV350,vmPFC,dACC,0.7144088603672462
AV350,dmPFC,dACC,0.8424976214657742
AV350,PCC,dACC,0.6801414711344579
AV350,a_ins,dACC,0.7521842546584855
AV350,pm_ins,dACC,0.7514668070099113
AV350,vmPFC,amyg,0.6062685116227987
AV350,dmPFC,amyg,0.454359815651279
AV350,PCC,amyg,0.47147644198234595
AV350,a_ins,amyg,0.4263953239653244
AV350,pm_ins,amyg,0.5407085795408421
AV350,dACC,amyg,0.5575908008042516
AV350,vmPFC,TP,0.5814898450498024
AV350,dmPFC,TP,0.43285104921744416
AV350,PCC,TP,0.4881302203550123
AV350,a_ins,TP,0.2924699621760247
AV350,pm_ins,TP,0.3932911796606547
AV350,dACC,TP,0.38177810107132737
AV350,amyg,TP,0.5656081795096232
AV350,vmPFC,dlPFC,0.7835261379343682
AV350,dmPFC,dlPFC,0.9244661966901654
AV350,PCC,dlPFC,0.6864936688417612
AV350,a_ins,dlPFC,0.7198163447086885
AV350,pm_ins,dlPFC,0.6850123712398215
AV350,dACC,dlPFC,0.7842038150929562
AV350,amyg,dlPFC,0.4357322025135224
AV350,TP,dlPFC,0.43881570439519346
AV646,vmPFC,dmPFC,0.7786472509381321
AV646,vmPFC,PCC,0.7822172151907003
AV646,dmPFC,PCC,0.7682913376249892
AV646,vmPFC,a_ins,0.6175477123138295
AV646,dmPFC,a_ins,0.7464948116265417
AV646,PCC,a_ins,0.478413643364807
AV646,vmPFC,pm_ins,0.534769413399508
AV646,dmPFC,pm_ins,0.678825916759584
AV646,PCC,pm_ins,0.43917441991837713
AV646,a_ins,pm_ins,0.7804446957783295
AV646,vmPFC,dACC,0.6409579776171134
AV646,dmPFC,dACC,0.8931507096482213
AV646,PCC,dACC,0.6192611273132395
AV646,a_ins,dACC,0.6937433322695701
AV646,pm_ins,dACC,0.7309769235118301
AV646,vmPFC,amyg,0.5515285107108434
AV646,dmPFC,amyg,0.41664140091136576
AV646,PCC,amyg,0.38756156056803065
AV646,a_ins,amyg,0.3271144789505716
AV646,pm_ins,amyg,0.34560817725777854
AV646,dACC,amyg,0.2893995453995512
AV646,vmPFC,TP,0.5850294664538895
AV646,dmPFC,TP,0.4814386885649707
AV646,PCC,TP,0.4247907794418803
AV646,a_ins,TP,0.4067372968018288
AV646,pm_ins,TP,0.3647472741779388
AV646,dACC,TP,0.3088304682362665
AV646,amyg,TP,0.6247511286371238
AV646,vmPFC,dlPFC,0.752236310186373
AV646,dmPFC,dlPFC,0.8889776292916753
AV646,PCC,dlPFC,0.7996070584274347
AV646,a_ins,dlPFC,0.6073141332547661
AV646,pm_ins,dlPFC,0.5187370138377994
AV646,dACC,dlPFC,0.7310060895770015
AV646,amyg,dlPFC,0.49417273448022164
AV646,TP,dlPFC,0.47382746691070937
AW442,vmPFC,dmPFC,0.4591711548044566
AW442,vmPFC,PCC,0.5686940525507254
AW442,dmPFC,PCC,0.3569670513077394
AW442,vmPFC,a_ins,0.4695651449577393
AW442,dmPFC,a_ins,0.40884581631797046
AW442,PCC,a_ins,0.07326766977927543
AW442,vmPFC,pm_ins,0.4401063527986317
AW442,dmPFC,pm_ins,0.6985501112586053
AW442,PCC,pm_ins,0.25309191961416705
AW442,a_ins,pm_ins,0.6373625898842966
AW442,vmPFC,dACC,0.48988883635994723
AW442,dmPFC,dACC,0.8229104475197614
AW442,PCC,dACC,0.3098759296826002
AW442,a_ins,dACC,0.3577604110870264
AW442,pm_ins,dACC,0.7112473396497516
AW442,vmPFC,amyg,0.04284223320500873
AW442,dmPFC,amyg,-0.10774518213048971
AW442,PCC,amyg,-0.012563100406628152
AW442,a_ins,amyg,0.21274212338897894
AW442,pm_ins,amyg,0.12456573620221556
AW442,dACC,amyg,-0.17226878213289232
AW442,vmPFC,TP,-0.14115487510312485
AW442,dmPFC,TP,0.10181480759307958
AW442,PCC,TP,0.2465290685071096
AW442,a_ins,TP,-0.03154171448883768
AW442,pm_ins,TP,0.016930532338023503
AW442,dACC,TP,0.0040196040893004
AW442,amyg,TP,0.19212830639929537
AW442,vmPFC,dlPFC,0.33460680740367404
AW442,dmPFC,dlPFC,0.5208621297331091
AW442,PCC,dlPFC,0.4159207682060579
AW442,a_ins,dlPFC,0.30270029658499276
AW442,pm_ins,dlPFC,0.22022979342597634
AW442,dACC,dlPFC,0.2515437774433806
AW442,amyg,dlPFC,0.05099794082346638
AW442,TP,dlPFC,0.23553570447830546
AW445,vmPFC,dmPFC,0.5220269001868283
AW445,vmPFC,PCC,0.7048787082820803
AW445,dmPFC,PCC,0.5305729121409265
AW445,vmPFC,a_ins,0.43247549414656894
AW445,dmPFC,a_ins,0.5339822353625913
AW445,PCC,a_ins,0.27968334017184404
AW445,vmPFC,pm_ins,0.3316203415726347
AW445,dmPFC,pm_ins,0.37425693352558126
AW445,PCC,pm_ins,0.12560947982160006
AW445,a_ins,pm_ins,0.7650376290301577
AW445,vmPFC,dACC,0.5000466897055091
AW445,dmPFC,dACC,0.6019117767413139
AW445,PCC,dACC,0.4025316710271421
AW445,a_ins,dACC,0.5481312401778861
AW445,pm_ins,dACC,0.5005358125587328
AW445,vmPFC,amyg,0.4802418535617748
AW445,dmPFC,amyg,0.356724457650289
AW445,PCC,amyg,0.1947243315784616
AW445,a_ins,amyg,0.5524223987859038
AW445,pm_ins,amyg,0.6024913230200505
AW445,dACC,amyg,0.35672988543174533
AW445,vmPFC,TP,0.5550524573575052
AW445,dmPFC,TP,-0.041581593683440915
AW445,PCC,TP,0.2075729185655928
AW445,a_ins,TP,0.12175879028660855
AW445,pm_ins,TP,0.2334905012806469
AW445,dACC,TP,0.174845606129567
AW445,amyg,TP,0.47210012629739084
AW445,vmPFC,dlPFC,0.5862084190522492
AW445,dmPFC,dlPFC,0.8536311263523196
AW445,PCC,dlPFC,0.615788773908198
AW445,a_ins,dlPFC,0.5047859245008183
AW445,pm_ins,dlPFC,0.3197737190904586
AW445,dACC,dlPFC,0.5198424634953036
AW445,amyg,dlPFC,0.42802215993792464
AW445,TP,dlPFC,0.025686466208571495
AW697,vmPFC,dmPFC,0.6793324774074753
AW697,vmPFC,PCC,0.7278952019117898
AW697,dmPFC,PCC,0.45556887158986803
AW697,vmPFC,a_ins,0.5468885471757238
AW697,dmPFC,a_ins,0.5385175317923432
AW697,PCC,a_ins,0.22184025920398748
AW697,vmPFC,pm_ins,0.5883873498865583
AW697,dmPFC,pm_ins,0.5586801711450434
AW697,PCC,pm_ins,0.2870162239798578
AW697,a_ins,pm_ins,0.7666910088868986
AW697,vmPFC,dACC,0.6545260452626639
AW697,dmPFC,dACC,0.8217535509082756
AW697,PCC,dACC,0.33654973834805213
AW697,a_ins,dACC,0.6429673216928319
AW697,pm_ins,dACC,0.75611204744911
AW697,vmPFC,amyg,0.4131695357041761
AW697,dmPFC,amyg,0.46683027029300445
AW697,PCC,amyg,0.25824433850565365
AW697,a_ins,amyg,0.2637750360830375
AW697,pm_ins,amyg,0.2761478663368685
AW697,dACC,amyg,0.33378362034335457
AW697,vmPFC,TP,0.5841400402291745
AW697,dmPFC,TP,0.5460466224874575
AW697,PCC,TP,0.4890530563898779
AW697,a_ins,TP,0.17323240776899473
AW697,pm_ins,TP,0.22474648779713924
AW697,dACC,TP,0.38476494937388345
AW697,amyg,TP,0.657650164532502
AW697,vmPFC,dlPFC,0.6922310144653693
AW697,dmPFC,dlPFC,0.8131215238107632
AW697,PCC,dlPFC,0.45053469850127686
AW697,a_ins,dlPFC,0.4455432576079575
AW697,pm_ins,dlPFC,0.4094552408226155
AW697,dACC,dlPFC,0.6185580444862413
AW697,amyg,dlPFC,0.41739935699007386
AW697,TP,dlPFC,0.4632848910844098
AW856,vmPFC,dmPFC,0.4331922968565089
AW856,vmPFC,PCC,0.5020093175574503
AW856,dmPFC,PCC,0.4995586916028142
AW856,vmPFC,a_ins,0.28832102199038695
AW856,dmPFC,a_ins,0.5905446578310617
AW856,PCC,a_ins,0.19186588103566024
AW856,vmPFC,pm_ins,0.17307331349812916
AW856,dmPFC,pm_ins,0.43988118234664814
AW856,PCC,pm_ins,0.06848022663030998
AW856,a_ins,pm_ins,0.5205502566072961
AW856,vmPFC,dACC,0.3081716596074066
AW856,dmPFC,dACC,0.701566578788161
AW856,PCC,dACC,0.2542364519440827
AW856,a_ins,dACC,0.515578830752332
AW856,pm_ins,dACC,0.6130910200185994
AW856,vmPFC,amyg,0.20894471834877684
AW856,dmPFC,amyg,0.3713802222203606
AW856,PCC,amyg,0.38984815350473917
AW856,a_ins,amyg,0.19988359332423777
AW856,pm_ins,amyg,0.26488248331025893
AW856,dACC,amyg,0.2726261311145264
AW856,vmPFC,TP,-5.924817162678007e-5
AW856,dmPFC,TP,0.24454221492134026
AW856,PCC,TP,0.3295817972693235
AW856,a_ins,TP,0.057459847795370785
AW856,pm_ins,TP,0.07002191988795943
AW856,dACC,TP,0.20336938272961655
AW856,amyg,TP,0.5849268939431551
AW856,vmPFC,dlPFC,0.4441462205295081
AW856,dmPFC,dlPFC,0.7424551530543755
AW856,PCC,dlPFC,0.6179415513500756
AW856,a_ins,dlPFC,0.3307042754925018
AW856,pm_ins,dlPFC,0.2242204313837151
AW856,dACC,dlPFC,0.36988114176150844
AW856,amyg,dlPFC,0.4370722601033249
AW856,TP,dlPFC,0.39150477326886707
AW990,vmPFC,dmPFC,0.6851614974221483
AW990,vmPFC,PCC,0.8141625298690358
AW990,dmPFC,PCC,0.5167160872671319
AW990,vmPFC,a_ins,0.5530669240434433
AW990,dmPFC,a_ins,0.4624375910636803
AW990,PCC,a_ins,0.3115009288764267
AW990,vmPFC,pm_ins,0.3712797664384927
AW990,dmPFC,pm_ins,0.3281173918177708
AW990,PCC,pm_ins,0.16934973909492754
AW990,a_ins,pm_ins,0.5541349556317607
AW990,vmPFC,dACC,0.7286058079056206
AW990,dmPFC,dACC,0.6277741837149908
AW990,PCC,dACC,0.5306702284457644
AW990,a_ins,dACC,0.6633264521367418
AW990,pm_ins,dACC,0.5320061468863925
AW990,vmPFC,amyg,0.4263650636525755
AW990,dmPFC,amyg,0.3695757234744961
AW990,PCC,amyg,0.24704600997355677
AW990,a_ins,amyg,0.29644293375084085
AW990,pm_ins,amyg,0.5001433260890581
AW990,dACC,amyg,0.31549254830169554
AW990,vmPFC,TP,0.4413514115916732
AW990,dmPFC,TP,0.44457604834677256
AW990,PCC,TP,0.4505007555548877
AW990,a_ins,TP,0.2101000110802074
AW990,pm_ins,TP,0.31319734899805396
AW990,dACC,TP,0.22504590519277448
AW990,amyg,TP,0.5534113448102618
AW990,vmPFC,dlPFC,0.6454167337833199
AW990,dmPFC,dlPFC,0.818763635388527
AW990,PCC,dlPFC,0.529911762619886
AW990,a_ins,dlPFC,0.28192709484476874
AW990,pm_ins,dlPFC,0.2659887789754404
AW990,dACC,dlPFC,0.4519036177368916
AW990,amyg,dlPFC,0.4318524352908931
AW990,TP,dlPFC,0.3602814547202299
AX005,vmPFC,dmPFC,0.697322234528708
AX005,vmPFC,PCC,0.6613271408728525
AX005,dmPFC,PCC,0.6867970020892737
AX005,vmPFC,a_ins,0.4724776119347067
AX005,dmPFC,a_ins,0.41056385214626795
AX005,PCC,a_ins,0.1265630766654889
AX005,vmPFC,pm_ins,0.4359502806485793
AX005,dmPFC,pm_ins,0.49831902015755625
AX005,PCC,pm_ins,0.24603674321031752
AX005,a_ins,pm_ins,0.6861776900429707
AX005,vmPFC,dACC,0.5478516844513899
AX005,dmPFC,dACC,0.7031363229096681
AX005,PCC,dACC,0.3993526042595346
AX005,a_ins,dACC,0.392198238182386
AX005,pm_ins,dACC,0.5938038095445733
AX005,vmPFC,amyg,0.2069615883693631
AX005,dmPFC,amyg,0.04381798461573197
AX005,PCC,amyg,0.06555792651651522
AX005,a_ins,amyg,0.24577343750195244
AX005,pm_ins,amyg,0.20123502113342337
AX005,dACC,amyg,-0.006806929571354109
AX005,vmPFC,TP,0.35139701123441647
AX005,dmPFC,TP,0.3014740794992838
AX005,PCC,TP,0.3555934749078505
AX005,a_ins,TP,-0.15828604543134597
AX005,pm_ins,TP,0.026615739324332487
AX005,dACC,TP,0.1371622704445598
AX005,amyg,TP,0.4504529423350803
AX005,vmPFC,dlPFC,0.6972005726297302
AX005,dmPFC,dlPFC,0.8083267166108398
AX005,PCC,dlPFC,0.788255809481857
AX005,a_ins,dlPFC,0.25226226842816785
AX005,pm_ins,dlPFC,0.2833523671474162
AX005,dACC,dlPFC,0.45416352535499793
AX005,amyg,dlPFC,0.12111440761654703
AX005,TP,dlPFC,0.4272187167648998
AX598,vmPFC,dmPFC,0.2961763132437952
AX598,vmPFC,PCC,0.6766697975710013
AX598,dmPFC,PCC,0.052377907761009215
AX598,vmPFC,a_ins,0.2960015756334451
AX598,dmPFC,a_ins,0.6297009307949907
AX598,PCC,a_ins,-0.15462760545008086
AX598,vmPFC,pm_ins,0.01900653919497653
AX598,dmPFC,pm_ins,0.3305201483722972
AX598,PCC,pm_ins,-0.3106900311328974
AX598,a_ins,pm_ins,0.5745819932606684
AX598,vmPFC,dACC,0.22531580758770398
AX598,dmPFC,dACC,0.5862427806317029
AX598,PCC,dACC,-0.05908825215954471
AX598,a_ins,dACC,0.6725811952673194
AX598,pm_ins,dACC,0.5709996134299281
AX598,vmPFC,amyg,0.39129810680878957
AX598,dmPFC,amyg,0.05921850625390822
AX598,PCC,amyg,0.15715405296475
AX598,a_ins,amyg,0.16638239239204977
AX598,pm_ins,amyg,0.25120444802696107
AX598,dACC,amyg,0.17523712056675841
AX598,vmPFC,TP,0.24653147612628512
AX598,dmPFC,TP,-0.07129961019679414
AX598,PCC,TP,0.24602463654856438
AX598,a_ins,TP,-0.24905647466784786
AX598,pm_ins,TP,-0.08202964669801878
AX598,dACC,TP,-0.2745570254113687
AX598,amyg,TP,0.4661618061469564
AX598,vmPFC,dlPFC,0.4633431619446988
AX598,dmPFC,dlPFC,0.6354614637924226
AX598,PCC,dlPFC,0.33341765970924847
AX598,a_ins,dlPFC,0.3082079943853581
AX598,pm_ins,dlPFC,0.13975735035606907
AX598,dACC,dlPFC,0.33453032798436533
AX598,amyg,dlPFC,-0.03189031940852776
AX598,TP,dlPFC,-0.12329415061976719
AX653,vmPFC,dmPFC,0.6514343541932828
AX653,vmPFC,PCC,0.7006664486826556
AX653,dmPFC,PCC,0.6303996292276932
AX653,vmPFC,a_ins,0.6003860859595574
AX653,dmPFC,a_ins,0.6904065675638431
AX653,PCC,a_ins,0.4620089313287742
AX653,vmPFC,pm_ins,0.5730910106377279
AX653,dmPFC,pm_ins,0.604094006002965
AX653,PCC,pm_ins,0.5437709190157731
AX653,a_ins,pm_ins,0.8055831253699085
AX653,vmPFC,dACC,0.4824502873193029
AX653,dmPFC,dACC,0.6194678929491982
AX653,PCC,dACC,0.48687829988478326
AX653,a_ins,dACC,0.5388592257718764
AX653,pm_ins,dACC,0.5689934554339453
AX653,vmPFC,amyg,0.5266698662243685
AX653,dmPFC,amyg,0.43937464275013177
AX653,PCC,amyg,0.4821126174870175
AX653,a_ins,amyg,0.5251979956988235
AX653,pm_ins,amyg,0.5683147699753861
AX653,dACC,amyg,0.2939098859067148
AX653,vmPFC,TP,0.6030260725128498
AX653,dmPFC,TP,0.5394748385360175
AX653,PCC,TP,0.601569192606202
AX653,a_ins,TP,0.3233255043563708
AX653,pm_ins,TP,0.400929436324221
AX653,dACC,TP,0.34321734567763246
AX653,amyg,TP,0.4820462404000161
AX653,vmPFC,dlPFC,0.7051602576025144
AX653,dmPFC,dlPFC,0.8629314771016767
AX653,PCC,dlPFC,0.7246851727450707
AX653,a_ins,dlPFC,0.6284391619000336
AX653,pm_ins,dlPFC,0.5322073591596923
AX653,dACC,dlPFC,0.4633710231972801
AX653,amyg,dlPFC,0.4736353304025692
AX653,TP,dlPFC,0.5684927496739495
AX787,vmPFC,dmPFC,0.5614807566584228
AX787,vmPFC,PCC,0.5976295810601158
AX787,dmPFC,PCC,0.3054977646513807
AX787,vmPFC,a_ins,0.3937437323041406
AX787,dmPFC,a_ins,0.654458653091566
AX787,PCC,a_ins,-0.030305475883999265
AX787,vmPFC,pm_ins,0.41315412945894925
AX787,dmPFC,pm_ins,0.6116484364092425
AX787,PCC,pm_ins,-0.01785515963562127
AX787,a_ins,pm_ins,0.6979950106995505
AX787,vmPFC,dACC,0.5197057543359231
AX787,dmPFC,dACC,0.772896883407944
AX787,PCC,dACC,0.22876238549099365
AX787,a_ins,dACC,0.6995531601211438
AX787,pm_ins,dACC,0.7334562709384019
AX787,vmPFC,amyg,0.38676319162444667
AX787,dmPFC,amyg,0.2893323258499644
AX787,PCC,amyg,0.13717853506920988
AX787,a_ins,amyg,0.3986958325875812
AX787,pm_ins,amyg,0.3852557379128611
AX787,dACC,amyg,0.3233459700453443
AX787,vmPFC,TP,0.4971015054784083
AX787,dmPFC,TP,0.2996243526144029
AX787,PCC,TP,0.31622918317117876
AX787,a_ins,TP,0.16195286401715644
AX787,pm_ins,TP,0.3083364010471174
AX787,dACC,TP,0.2769500441907398
AX787,amyg,TP,0.27396843719432434
AX787,vmPFC,dlPFC,0.6040550698888122
AX787,dmPFC,dlPFC,0.5848044501248292
AX787,PCC,dlPFC,0.6664173378932291
AX787,a_ins,dlPFC,0.25461813499696
AX787,pm_ins,dlPFC,0.1869338657558023
AX787,dACC,dlPFC,0.3857705141396955
AX787,amyg,dlPFC,0.32843967997236356
AX787,TP,dlPFC,0.2849653872056158
AY758,vmPFC,dmPFC,0.7117109851577729
AY758,vmPFC,PCC,0.7452714283535724
AY758,dmPFC,PCC,0.6557640169038272
AY758,vmPFC,a_ins,0.6610287911178114
AY758,dmPFC,a_ins,0.6777275926416645
AY758,PCC,a_ins,0.510187129800419
AY758,vmPFC,pm_ins,0.5237567304366277
AY758,dmPFC,pm_ins,0.3685028038281544
AY758,PCC,pm_ins,0.5509877418757266
AY758,a_ins,pm_ins,0.6609497266273159
AY758,vmPFC,dACC,0.6842001074576954
AY758,dmPFC,dACC,0.6094271753309617
AY758,PCC,dACC,0.7726670735000309
AY758,a_ins,dACC,0.5511493421706267
AY758,pm_ins,dACC,0.6436087403584112
AY758,vmPFC,amyg,0.46052635333662145
AY758,dmPFC,amyg,0.17178225411227332
AY758,PCC,amyg,0.2499406492184027
AY758,a_ins,amyg,0.4284694052338848
AY758,pm_ins,amyg,0.37292930752929193
AY758,dACC,amyg,0.14574226475281854
AY758,vmPFC,TP,0.5906769285303408
AY758,dmPFC,TP,0.4396079150124184
AY758,PCC,TP,0.3593896943963275
AY758,a_ins,TP,0.4723946406488875
AY758,pm_ins,TP,0.3560677869994706
AY758,dACC,TP,0.23766934049211652
AY758,amyg,TP,0.6976012387047191
AY758,vmPFC,dlPFC,0.6925574601529321
AY758,dmPFC,dlPFC,0.8906970384926751
AY758,PCC,dlPFC,0.6715213338093736
AY758,a_ins,dlPFC,0.5970425791602122
AY758,pm_ins,dlPFC,0.42472231519863807
AY758,dACC,dlPFC,0.6078148105922189
AY758,amyg,dlPFC,0.18964214557725714
AY758,TP,dlPFC,0.4121653146482705
AY848,vmPFC,dmPFC,0.7107832189504497
AY848,vmPFC,PCC,0.6911079422847706
AY848,dmPFC,PCC,0.7377251225691102
AY848,vmPFC,a_ins,0.5640770496125957
AY848,dmPFC,a_ins,0.674061095119356
AY848,PCC,a_ins,0.5194128359297394
AY848,vmPFC,pm_ins,0.6691943769613632
AY848,dmPFC,pm_ins,0.6677101157343299
AY848,PCC,pm_ins,0.639928483737857
AY848,a_ins,pm_ins,0.7739996300048783
AY848,vmPFC,dACC,0.6086568013326397
AY848,dmPFC,dACC,0.7301033972125339
AY848,PCC,dACC,0.620918211239995
AY848,a_ins,dACC,0.6825640688445146
AY848,pm_ins,dACC,0.6206650796589857
AY848,vmPFC,amyg,0.4325215571945935
AY848,dmPFC,amyg,0.4778804367229795
AY848,PCC,amyg,0.35002232730777966
AY848,a_ins,amyg,0.2414672102675626
AY848,pm_ins,amyg,0.3321193629035387
AY848,dACC,amyg,0.4167476647605728
AY848,vmPFC,TP,0.3642491009900442
AY848,dmPFC,TP,0.3031235406890002
AY848,PCC,TP,0.2937610851821509
AY848,a_ins,TP,0.15756947955499018
AY848,pm_ins,TP,0.15288010325574033
AY848,dACC,TP,0.19359658795689505
AY848,amyg,TP,0.4098529743403204
AY848,vmPFC,dlPFC,0.6720228275883972
AY848,dmPFC,dlPFC,0.845511723644291
AY848,PCC,dlPFC,0.6955858593455956
AY848,a_ins,dlPFC,0.48957809576220596
AY848,pm_ins,dlPFC,0.49021188089056306
AY848,dACC,dlPFC,0.496187033897188
AY848,amyg,dlPFC,0.4615174545417929
AY848,TP,dlPFC,0.33115702649920065
AZ873,vmPFC,dmPFC,0.4267795732503798
AZ873,vmPFC,PCC,0.715732766697266
AZ873,dmPFC,PCC,0.13569850249001614
AZ873,vmPFC,a_ins,0.4266261108480415
AZ873,dmPFC,a_ins,0.6816085670245281
AZ873,PCC,a_ins,0.08406305522378017
AZ873,vmPFC,pm_ins,0.28243949168803467
AZ873,dmPFC,pm_ins,0.43731190278953247
AZ873,PCC,pm_ins,0.07132562894859726
AZ873,a_ins,pm_ins,0.5635889405705788
AZ873,vmPFC,dACC,0.5933564921166103
AZ873,dmPFC,dACC,0.6792607604063585
AZ873,PCC,dACC,0.27132838967934075
AZ873,a_ins,dACC,0.6708284849064949
AZ873,pm_ins,dACC,0.6945568856331188
AZ873,vmPFC,amyg,0.36036184792380715
AZ873,dmPFC,amyg,0.25678056240671643
AZ873,PCC,amyg,0.11626318710429397
AZ873,a_ins,amyg,0.3358783431864881
AZ873,pm_ins,amyg,0.5021320671957041
AZ873,dACC,amyg,0.41898637017757634
AZ873,vmPFC,TP,0.2357820640489872
AZ873,dmPFC,TP,0.24197718503783167
AZ873,PCC,TP,0.2703050177894416
AZ873,a_ins,TP,0.12859253321641081
AZ873,pm_ins,TP,0.12741407084396975
AZ873,dACC,TP,0.035574311471433466
AZ873,amyg,TP,0.31773117508025733
AZ873,vmPFC,dlPFC,0.5175886061063251
AZ873,dmPFC,dlPFC,0.6344407999425359
AZ873,PCC,dlPFC,0.33806706268242875
AZ873,a_ins,dlPFC,0.47149316082002274
AZ873,pm_ins,dlPFC,0.14292864081395065
AZ873,dACC,dlPFC,0.33467177487768496
AZ873,amyg,dlPFC,0.0929801317767034
AZ873,TP,dlPFC,0.30408393481383517
AZ908,vmPFC,dmPFC,0.3686006896544482
AZ908,vmPFC,PCC,0.6712944831983558
AZ908,dmPFC,PCC,0.3943424421277515
AZ908,vmPFC,a_ins,0.35089858025305304
AZ908,dmPFC,a_ins,0.7573277264568884
AZ908,PCC,a_ins,0.11705559248082391
AZ908,vmPFC,pm_ins,0.4553168820077214
AZ908,dmPFC,pm_ins,0.6342786427986333
AZ908,PCC,pm_ins,0.14153838310228922
AZ908,a_ins,pm_ins,0.6717850812379765
AZ908,vmPFC,dACC,0.26766738290714454
AZ908,dmPFC,dACC,0.8014701429762741
AZ908,PCC,dACC,0.19276614725814456
AZ908,a_ins,dACC,0.7316625502521125
AZ908,pm_ins,dACC,0.6863664185604506
AZ908,vmPFC,amyg,0.5049933463248945
AZ908,dmPFC,amyg,0.3995291455669691
AZ908,PCC,amyg,0.33715376829717697
AZ908,a_ins,amyg,0.2706192111341545
AZ908,pm_ins,amyg,0.47177868742927953
AZ908,dACC,amyg,0.1449223387501391
AZ908,vmPFC,TP,0.5793785332528633
AZ908,dmPFC,TP,0.38733218590903384
AZ908,PCC,TP,0.2870177353317292
AZ908,a_ins,TP,0.353998706516415
AZ908,pm_ins,TP,0.6235278060380626
AZ908,dACC,TP,0.31857506734484814
AZ908,amyg,TP,0.5497532012241421
AZ908,vmPFC,dlPFC,0.5410952461821136
AZ908,dmPFC,dlPFC,0.8631015791426284
AZ908,PCC,dlPFC,0.598699180527381
AZ908,a_ins,dlPFC,0.6197580799747623
AZ908,pm_ins,dlPFC,0.5480688024383646
AZ908,dACC,dlPFC,0.6035541425105594
AZ908,amyg,dlPFC,0.5140787902195476
AZ908,TP,dlPFC,0.44332076632307393
AZ985,vmPFC,dmPFC,0.46662879974207566
AZ985,vmPFC,PCC,0.7140421648215556
AZ985,dmPFC,PCC,0.45604243306943043
AZ985,vmPFC,a_ins,0.13165455403610482
AZ985,dmPFC,a_ins,0.6314961792277026
AZ985,PCC,a_ins,0.16161933044663765
AZ985,vmPFC,pm_ins,0.057760411314746775
AZ985,dmPFC,pm_ins,0.3772806367730767
AZ985,PCC,pm_ins,-0.015244652708248235
AZ985,a_ins,pm_ins,0.5941740270850615
AZ985,vmPFC,dACC,0.3283573506630994
AZ985,dmPFC,dACC,0.7615223272114351
AZ985,PCC,dACC,0.3283108517337868
AZ985,a_ins,dACC,0.7022812887046456
AZ985,pm_ins,dACC,0.6205409084030404
AZ985,vmPFC,amyg,0.05524755644146384
AZ985,dmPFC,amyg,0.05608418399640067
AZ985,PCC,amyg,-0.20001391076379152
AZ985,a_ins,amyg,-0.014422311939187278
AZ985,pm_ins,amyg,0.20207570081918413
AZ985,dACC,amyg,-0.055424368283442445
AZ985,vmPFC,TP,0.2687874079396693
AZ985,dmPFC,TP,0.17597143122807266
AZ985,PCC,TP,0.10746487650148803
AZ985,a_ins,TP,0.09157361971171671
AZ985,pm_ins,TP,0.3362618786869202
AZ985,dACC,TP,0.15642125834135795
AZ985,amyg,TP,0.37510816809340863
AZ985,vmPFC,dlPFC,0.16665496020710763
AZ985,dmPFC,dlPFC,0.24941285083032316
AZ985,PCC,dlPFC,0.3982098452899986
AZ985,a_ins,dlPFC,0.06420252399382682
AZ985,pm_ins,dlPFC,-0.22067609695021323
AZ985,dACC,dlPFC,-0.07615785068328011
AZ985,amyg,dlPFC,-0.012900540874619252
AZ985,TP,dlPFC,-0.10745733240382657
BA394,vmPFC,dmPFC,0.4018593787005764
BA394,vmPFC,PCC,0.6655336442039524
BA394,dmPFC,PCC,0.26512861920728886
BA394,vmPFC,a_ins,0.4489085653418574
BA394,dmPFC,a_ins,0.5299893640021095
BA394,PCC,a_ins,0.16615090466675458
BA394,vmPFC,pm_ins,0.22451222276265473
BA394,dmPFC,pm_ins,0.3269646323572029
BA394,PCC,pm_ins,-0.004305130725469792
BA394,a_ins,pm_ins,0.4660009433559567
BA394,vmPFC,dACC,0.3192789659209928
BA394,dmPFC,dACC,0.45353297816704824
BA394,PCC,dACC,0.352918814814889
BA394,a_ins,dACC,0.3037774439394595
BA394,pm_ins,dACC,0.4000068813528876
BA394,vmPFC,amyg,0.2670707228492644
BA394,dmPFC,amyg,0.1856324882311618
BA394,PCC,amyg,0.05543999487715254
BA394,a_ins,amyg,0.2320547691396578
BA394,pm_ins,amyg,0.25091700234486
BA394,dACC,amyg,-0.04655647232017735
BA394,vmPFC,TP,0.32328384511385866
BA394,dmPFC,TP,0.3043708114301457
BA394,PCC,TP,0.2270112489649698
BA394,a_ins,TP,0.11498660115627159
BA394,pm_ins,TP,0.19409101830134393
BA394,dACC,TP,0.08913144520683002
BA394,amyg,TP,0.525368472915559
BA394,vmPFC,dlPFC,0.5961871084732498
BA394,dmPFC,dlPFC,0.6866872530392452
BA394,PCC,dlPFC,0.5033141828242887
BA394,a_ins,dlPFC,0.43105674649614784
BA394,pm_ins,dlPFC,0.2206928415867316
BA394,dACC,dlPFC,0.3018480509742763
BA394,amyg,dlPFC,0.2666726926245025
BA394,TP,dlPFC,0.38824183215469626
BA977,vmPFC,dmPFC,0.6138244640519529
BA977,vmPFC,PCC,0.7683148925827825
BA977,dmPFC,PCC,0.3700493898460646
BA977,vmPFC,a_ins,0.49500510515523405
BA977,dmPFC,a_ins,0.7244647093093153
BA977,PCC,a_ins,0.2048171410049866
BA977,vmPFC,pm_ins,0.4754896540503261
BA977,dmPFC,pm_ins,0.6212302855800038
BA977,PCC,pm_ins,0.2810169717844974
BA977,a_ins,pm_ins,0.633079399434177
BA977,vmPFC,dACC,0.5003568168797774
BA977,dmPFC,dACC,0.7663422903366864
BA977,PCC,dACC,0.29537003656262817
BA977,a_ins,dACC,0.5433581562364241
BA977,pm_ins,dACC,0.7266997885014171
BA977,vmPFC,amyg,0.3501128912390976
BA977,dmPFC,amyg,0.19650156583899303
BA977,PCC,amyg,0.27022136787077244
BA977,a_ins,amyg,0.32410943228436656
BA977,pm_ins,amyg,0.3424181472879874
BA977,dACC,amyg,0.15789470972135905
BA977,vmPFC,TP,0.34367121190921235
BA977,dmPFC,TP,0.12891241701721415
BA977,PCC,TP,0.32008541361692766
BA977,a_ins,TP,0.11048265509197565
BA977,pm_ins,TP,0.19563980657822455
BA977,dACC,TP,0.19283150817981848
BA977,amyg,TP,0.3832863697111845
BA977,vmPFC,dlPFC,0.6817794998197395
BA977,dmPFC,dlPFC,0.7344603592714665
BA977,PCC,dlPFC,0.6054626605417495
BA977,a_ins,dlPFC,0.5019589930903312
BA977,pm_ins,dlPFC,0.3431768454588307
BA977,dACC,dlPFC,0.4311266157479212
BA977,amyg,dlPFC,0.22232862631611838
BA977,TP,dlPFC,0.1761657900146035
BB146,vmPFC,dmPFC,0.37504800529285176
BB146,vmPFC,PCC,0.5358620430929848
BB146,dmPFC,PCC,0.041316952473519304
BB146,vmPFC,a_ins,0.19212300361139623
BB146,dmPFC,a_ins,0.5920632919820787
BB146,PCC,a_ins,-0.1025814632048378
BB146,vmPFC,pm_ins,0.2731490709997528
BB146,dmPFC,pm_ins,0.515884638644914
BB146,PCC,pm_ins,-0.012778101661751858
BB146,a_ins,pm_ins,0.5562598107955999
BB146,vmPFC,dACC,0.5710936780490077
BB146,dmPFC,dACC,0.6642085953743297
BB146,PCC,dACC,0.19974990704173443
BB146,a_ins,dACC,0.2962038177704107
BB146,pm_ins,dACC,0.38370603930765274
BB146,vmPFC,amyg,0.4096277903306702
BB146,dmPFC,amyg,0.3131943602727147
BB146,PCC,amyg,0.26783963199754096
BB146,a_ins,amyg,0.2892164602896305
BB146,pm_ins,amyg,0.4410768104680668
BB146,dACC,amyg,0.3127336657747079
BB146,vmPFC,TP,0.3973692982204818
BB146,dmPFC,TP,0.05032547889088332
BB146,PCC,TP,0.20017536356305118
BB146,a_ins,TP,0.13289593247268838
BB146,pm_ins,TP,0.1967495903841894
BB146,dACC,TP,0.1243194710051784
BB146,amyg,TP,0.42526649469268357
BB146,vmPFC,dlPFC,0.4042090923952435
BB146,dmPFC,dlPFC,0.6664080670208501
BB146,PCC,dlPFC,0.2630853597589832
BB146,a_ins,dlPFC,0.4115789447142837
BB146,pm_ins,dlPFC,0.26325274159958684
BB146,dACC,dlPFC,0.36187610379866425
BB146,amyg,dlPFC,0.31479044125289196
BB146,TP,dlPFC,0.08282180308288233
BB329,vmPFC,dmPFC,0.4374064928077292
BB329,vmPFC,PCC,0.7636741172887764
BB329,dmPFC,PCC,0.31062421505172677
BB329,vmPFC,a_ins,0.27686973100122664
BB329,dmPFC,a_ins,0.7002803051983544
BB329,PCC,a_ins,0.05475098269675302
BB329,vmPFC,pm_ins,0.11541311009466669
BB329,dmPFC,pm_ins,0.536804528733229
BB329,PCC,pm_ins,0.007762855020590259
BB329,a_ins,pm_ins,0.6002592599021476
BB329,vmPFC,dACC,0.35973854195550714
BB329,dmPFC,dACC,0.7194396951426658
BB329,PCC,dACC,0.2304278674103766
BB329,a_ins,dACC,0.6752828919193075
BB329,pm_ins,dACC,0.6758653433842462
BB329,vmPFC,amyg,0.24236090309499672
BB329,dmPFC,amyg,0.11991242963274776
BB329,PCC,amyg,0.21128225437705697
BB329,a_ins,amyg,0.17555297811492337
BB329,pm_ins,amyg,0.2761172035560602
BB329,dACC,amyg,0.24810958053133336
BB329,vmPFC,TP,0.4379891876762143
BB329,dmPFC,TP,-0.017260794784237605
BB329,PCC,TP,0.37108559582969913
BB329,a_ins,TP,-0.14206172149169793
BB329,pm_ins,TP,-0.07111182720122966
BB329,dACC,TP,0.011151203462466352
BB329,amyg,TP,0.2837098075318588
BB329,vmPFC,dlPFC,0.5328075540782208
BB329,dmPFC,dlPFC,0.6873871933313401
BB329,PCC,dlPFC,0.6089600226719496
BB329,a_ins,dlPFC,0.318017930166684
BB329,pm_ins,dlPFC,0.30955482221246833
BB329,dACC,dlPFC,0.38362824639703935
BB329,amyg,dlPFC,0.2642281339813949
BB329,TP,dlPFC,0.1583474686240596
BB497,vmPFC,dmPFC,0.7164267359480982
BB497,vmPFC,PCC,0.7340540535642676
BB497,dmPFC,PCC,0.6450863063600836
BB497,vmPFC,a_ins,0.6051012643564003
BB497,dmPFC,a_ins,0.7397279324374821
BB497,PCC,a_ins,0.4603374344865612
BB497,vmPFC,pm_ins,0.5402856592252587
BB497,dmPFC,pm_ins,0.6604266776117497
BB497,PCC,pm_ins,0.43905503414381536
BB497,a_ins,pm_ins,0.766239370878836
BB497,vmPFC,dACC,0.6822872222523314
BB497,dmPFC,dACC,0.8154401647247188
BB497,PCC,dACC,0.5920393364942037
BB497,a_ins,dACC,0.6954522506014853
BB497,pm_ins,dACC,0.708694471563514
BB497,vmPFC,amyg,0.3728973103466711
BB497,dmPFC,amyg,0.35923963470210657
BB497,PCC,amyg,0.35865925867197423
BB497,a_ins,amyg,0.4024227519024998
BB497,pm_ins,amyg,0.4228783113531049
BB497,dACC,amyg,0.35478967882607854
BB497,vmPFC,TP,0.1404025186773447
BB497,dmPFC,TP,0.2713087181289533
BB497,PCC,TP,0.20439180751028596
BB497,a_ins,TP,0.3353529142475361
BB497,pm_ins,TP,0.35790387550517205
BB497,dACC,TP,0.18622043866614454
BB497,amyg,TP,0.5260047360880292
BB497,vmPFC,dlPFC,0.7582571568287472
BB497,dmPFC,dlPFC,0.878024524780753
BB497,PCC,dlPFC,0.7155501668356934
BB497,a_ins,dlPFC,0.5954709288086666
BB497,pm_ins,dlPFC,0.48216354013735463
BB497,dACC,dlPFC,0.6892742319144634
BB497,amyg,dlPFC,0.3443124189300301
BB497,TP,dlPFC,0.17949576505759043
BB527,vmPFC,dmPFC,0.5221008152500528
BB527,vmPFC,PCC,0.6875965281144365
BB527,dmPFC,PCC,0.4745400421856445
BB527,vmPFC,a_ins,0.43411196688696774
BB527,dmPFC,a_ins,0.6199758504213351
BB527,PCC,a_ins,0.17926751584157444
BB527,vmPFC,pm_ins,0.36364952310836934
BB527,dmPFC,pm_ins,0.37846688959395414
BB527,PCC,pm_ins,0.005343387941320592
BB527,a_ins,pm_ins,0.6748929909396543
BB527,vmPFC,dACC,0.5397031009630197
BB527,dmPFC,dACC,0.6947133587688488
BB527,PCC,dACC,0.31189191899954644
BB527,a_ins,dACC,0.7424482035571939
BB527,pm_ins,dACC,0.6769437126385396
BB527,vmPFC,amyg,0.11383971964670024
BB527,dmPFC,amyg,0.16256483196642207
BB527,PCC,amyg,0.06425826407986908
BB527,a_ins,amyg,0.28425006465269653
BB527,pm_ins,amyg,0.28318583010759446
BB527,dACC,amyg,0.18129177911053393
BB527,vmPFC,TP,0.4372402993379926
BB527,dmPFC,TP,0.4312329045798861
BB527,PCC,TP,0.37942290097285747
BB527,a_ins,TP,0.4108476958204423
BB527,pm_ins,TP,0.3464742106209129
BB527,dACC,TP,0.39060020084444436
BB527,amyg,TP,0.5765582382496476
BB527,vmPFC,dlPFC,0.547242752670312
BB527,dmPFC,dlPFC,0.7411820436647711
BB527,PCC,dlPFC,0.6416472330034576
BB527,a_ins,dlPFC,0.46110539202424866
BB527,pm_ins,dlPFC,0.15340961469725994
BB527,dACC,dlPFC,0.4227904603498219
BB527,amyg,dlPFC,0.08177800793851774
BB527,TP,dlPFC,0.29423014056601404
BB818,vmPFC,dmPFC,0.6391511495944107
BB818,vmPFC,PCC,0.701610533634879
BB818,dmPFC,PCC,0.574169250200255
BB818,vmPFC,a_ins,0.6186825299297721
BB818,dmPFC,a_ins,0.6260912041539219
BB818,PCC,a_ins,0.4134511365147183
BB818,vmPFC,pm_ins,0.41320539885458146
BB818,dmPFC,pm_ins,0.36972034021613953
BB818,PCC,pm_ins,0.27848217790754115
BB818,a_ins,pm_ins,0.570017964423709
BB818,vmPFC,dACC,0.6785123068356749
BB818,dmPFC,dACC,0.8067053324887038
BB818,PCC,dACC,0.5760049584933071
BB818,a_ins,dACC,0.6569560377098737
BB818,pm_ins,dACC,0.5640628786722574
BB818,vmPFC,amyg,0.4207993409524044
BB818,dmPFC,amyg,0.2639430810181426
BB818,PCC,amyg,0.3271169758219368
BB818,a_ins,amyg,0.2852210865662121
BB818,pm_ins,amyg,0.3720023077909397
BB818,dACC,amyg,0.3188448539716583
BB818,vmPFC,TP,0.45747918344037997
BB818,dmPFC,TP,0.36622391287984385
BB818,PCC,TP,0.4067095663364406
BB818,a_ins,TP,0.29592355149420546
BB818,pm_ins,TP,0.2935317908817988
BB818,dACC,TP,0.25869960764801714
BB818,amyg,TP,0.4946098675838251
BB818,vmPFC,dlPFC,0.5741063859902642
BB818,dmPFC,dlPFC,0.8535495247094456
BB818,PCC,dlPFC,0.560182245695396
BB818,a_ins,dlPFC,0.549444396092277
BB818,pm_ins,dlPFC,0.2968379429844912
BB818,dACC,dlPFC,0.6579292700999028
BB818,amyg,dlPFC,0.2050490709245419
BB818,TP,dlPFC,0.3048009704414763
BB898,vmPFC,dmPFC,0.5605664912874363
BB898,vmPFC,PCC,0.5830455974393446
BB898,dmPFC,PCC,0.29697336739298996
BB898,vmPFC,a_ins,0.48234642899452723
BB898,dmPFC,a_ins,0.5221168889665134
BB898,PCC,a_ins,0.12003793317765177
BB898,vmPFC,pm_ins,0.4179480503006486
BB898,dmPFC,pm_ins,0.26605064580503063
BB898,PCC,pm_ins,0.21727311906175262
BB898,a_ins,pm_ins,0.6081192409636514
BB898,vmPFC,dACC,0.7854782518117529
BB898,dmPFC,dACC,0.6173578718291735
BB898,PCC,dACC,0.6005663149990843
BB898,a_ins,dACC,0.3470785001564732
BB898,pm_ins,dACC,0.42944882209487834
BB898,vmPFC,amyg,0.3421219426033835
BB898,dmPFC,amyg,0.25942772219274896
BB898,PCC,amyg,0.20455693365454966
BB898,a_ins,amyg,0.16317794473615635
BB898,pm_ins,amyg,0.27762096930524016
BB898,dACC,amyg,0.2811827911318949
BB898,vmPFC,TP,0.294166112884418
BB898,dmPFC,TP,0.2979973569043968
BB898,PCC,TP,0.14274022754146146
BB898,a_ins,TP,0.09036304840102556
BB898,pm_ins,TP,0.21107133195948388
BB898,dACC,TP,0.16600533322193595
BB898,amyg,TP,0.46058708606271154
BB898,vmPFC,dlPFC,0.5530701489541949
BB898,dmPFC,dlPFC,0.8942644890712584
BB898,PCC,dlPFC,0.3964709321477518
BB898,a_ins,dlPFC,0.40562683214486944
BB898,pm_ins,dlPFC,0.1793719838377084
BB898,dACC,dlPFC,0.5402425931749106
BB898,amyg,dlPFC,0.3655522456375196
BB898,TP,dlPFC,0.4123688988597769
BC058,vmPFC,dmPFC,0.5718964542755562
BC058,vmPFC,PCC,0.7114654306414058
BC058,dmPFC,PCC,0.47292328467441314
BC058,vmPFC,a_ins,0.4968345708978999
BC058,dmPFC,a_ins,0.5534948430573146
BC058,PCC,a_ins,0.37270225492620107
BC058,vmPFC,pm_ins,0.5269738942937551
BC058,dmPFC,pm_ins,0.3969337965285899
BC058,PCC,pm_ins,0.27314157562334584
BC058,a_ins,pm_ins,0.5038461290945713
BC058,vmPFC,dACC,0.39353930002249354
BC058,dmPFC,dACC,0.6184278323202839
BC058,PCC,dACC,0.32483276363846597
BC058,a_ins,dACC,0.4470109093350632
BC058,pm_ins,dACC,0.6270831040810106
BC058,vmPFC,amyg,0.48510244454283324
BC058,dmPFC,amyg,0.22882334730917867
BC058,PCC,amyg,0.24965857171468248
BC058,a_ins,amyg,0.3812731488669911
BC058,pm_ins,amyg,0.4860409855513141
BC058,dACC,amyg,0.10667251578590947
BC058,vmPFC,TP,0.5016669435613608
BC058,dmPFC,TP,0.18410635624885882
BC058,PCC,TP,0.37705124512720845
BC058,a_ins,TP,0.21708429583685865
BC058,pm_ins,TP,0.1971298818863824
BC058,dACC,TP,-0.12107909868412321
BC058,amyg,TP,0.4553804825261713
BC058,vmPFC,dlPFC,0.5447050488145773
BC058,dmPFC,dlPFC,0.7407755152147707
BC058,PCC,dlPFC,0.4456623730112889
BC058,a_ins,dlPFC,0.4613575400979344
BC058,pm_ins,dlPFC,0.41179225825025184
BC058,dACC,dlPFC,0.40213056192858904
BC058,amyg,dlPFC,0.3039905504443922
BC058,TP,dlPFC,0.2318495989362859
BC223,vmPFC,dmPFC,0.5572268367499459
BC223,vmPFC,PCC,0.6436565109476999
BC223,dmPFC,PCC,0.4436808300036266
BC223,vmPFC,a_ins,0.30590026601172443
BC223,dmPFC,a_ins,0.5690527351872098
BC223,PCC,a_ins,0.26915078246351787
BC223,vmPFC,pm_ins,0.3003255809662753
BC223,dmPFC,pm_ins,0.2626119132104811
BC223,PCC,pm_ins,0.3105554328866739
BC223,a_ins,pm_ins,0.47083469896883107
BC223,vmPFC,dACC,0.5208270019233074
BC223,dmPFC,dACC,0.6913599659127572
BC223,PCC,dACC,0.6092119283232631
BC223,a_ins,dACC,0.6371077651322505
BC223,pm_ins,dACC,0.5233748808776671
BC223,vmPFC,amyg,0.08102868677982387
BC223,dmPFC,amyg,0.019934014061288627
BC223,PCC,amyg,-0.08435077645811143
BC223,a_ins,amyg,0.2453501607868116
BC223,pm_ins,amyg,0.34084785460797185
BC223,dACC,amyg,0.0452090537967872
BC223,vmPFC,TP,0.10711427563074204
BC223,dmPFC,TP,0.1255918277531123
BC223,PCC,TP,0.12278016485890014
BC223,a_ins,TP,0.2817534825327217
BC223,pm_ins,TP,0.20452186435941982
BC223,dACC,TP,0.09018651815968509
BC223,amyg,TP,0.3888912801833012
BC223,vmPFC,dlPFC,0.5902317617946292
BC223,dmPFC,dlPFC,0.8097258140467476
BC223,PCC,dlPFC,0.5702763918210503
BC223,a_ins,dlPFC,0.29355463633867807
BC223,pm_ins,dlPFC,0.2385055430618866
BC223,dACC,dlPFC,0.5026102548945397
BC223,amyg,dlPFC,0.017051999248579836
BC223,TP,dlPFC,0.0759863232322747
BC378,vmPFC,dmPFC,0.5773280685505505
BC378,vmPFC,PCC,0.7363144675332929
BC378,dmPFC,PCC,0.46534710736397145
BC378,vmPFC,a_ins,0.5092669215349341
BC378,dmPFC,a_ins,0.5220349050770999
BC378,PCC,a_ins,0.3230725829032365
BC378,vmPFC,pm_ins,0.5252459471995322
BC378,dmPFC,pm_ins,0.39839109905122877
BC378,PCC,pm_ins,0.37471126396364096
BC378,a_ins,pm_ins,0.7181775701748316
BC378,vmPFC,dACC,0.5214260976663841
BC378,dmPFC,dACC,0.6718998375133006
BC378,PCC,dACC,0.4584177980601944
BC378,a_ins,dACC,0.6376358732632867
BC378,pm_ins,dACC,0.6817279542807011
BC378,vmPFC,amyg,0.21431993565932375
BC378,dmPFC,amyg,0.2265511542883791
BC378,PCC,amyg,0.30145974940541875
BC378,a_ins,amyg,0.3180090670108679
BC378,pm_ins,amyg,0.28347501897785804
BC378,dACC,amyg,0.2670410573984811
BC378,vmPFC,TP,0.32731871967502263
BC378,dmPFC,TP,0.30158688085555513
BC378,PCC,TP,0.34044996676797584
BC378,a_ins,TP,0.2819329942398004
BC378,pm_ins,TP,0.22611797282315024
BC378,dACC,TP,0.25219433027890714
BC378,amyg,TP,0.3588614320183542
BC378,vmPFC,dlPFC,0.5266357424383796
BC378,dmPFC,dlPFC,0.7540229639011286
BC378,PCC,dlPFC,0.534435668195705
BC378,a_ins,dlPFC,0.48951368224472447
BC378,pm_ins,dlPFC,0.3121139955063673
BC378,dACC,dlPFC,0.5045754014505872
BC378,amyg,dlPFC,0.2479663721905865
BC378,TP,dlPFC,0.42123442436002645
BC380,vmPFC,dmPFC,0.3620776043734674
BC380,vmPFC,PCC,0.5753187554532426
BC380,dmPFC,PCC,0.2797767157608243
BC380,vmPFC,a_ins,0.25716447575531015
BC380,dmPFC,a_ins,0.6320070734646265
BC380,PCC,a_ins,-0.009952734594606744
BC380,vmPFC,pm_ins,0.20630247980373845
BC380,dmPFC,pm_ins,0.5011067649372364
BC380,PCC,pm_ins,0.18664281764911034
BC380,a_ins,pm_ins,0.5012392289870777
BC380,vmPFC,dACC,0.4056458027204999
BC380,dmPFC,dACC,0.7265178020623777
BC380,PCC,dACC,0.2840914977655132
BC380,a_ins,dACC,0.43954984510788864
BC380,pm_ins,dACC,0.6868497874090176
BC380,vmPFC,amyg,0.26207063178559464
BC380,dmPFC,amyg,0.17881822330104485
BC380,PCC,amyg,0.2997639513120026
BC380,a_ins,amyg,0.20982527680399857
BC380,pm_ins,amyg,0.2902627918032807
BC380,dACC,amyg,0.05509273518701566
BC380,vmPFC,TP,0.45607004895420356
BC380,dmPFC,TP,0.1674183548807138
BC380,PCC,TP,0.48069327783830645
BC380,a_ins,TP,0.04147080320397431
BC380,pm_ins,TP,0.11399573625969975
BC380,dACC,TP,0.03521746282225455
BC380,amyg,TP,0.6109294755259075
BC380,vmPFC,dlPFC,0.39356762272434176
BC380,dmPFC,dlPFC,0.720248724847802
BC380,PCC,dlPFC,0.31398233149051696
BC380,a_ins,dlPFC,0.40919385446188256
BC380,pm_ins,dlPFC,0.25207519406598367
BC380,dACC,dlPFC,0.4260904205027428
BC380,amyg,dlPFC,0.3189076056205645
BC380,TP,dlPFC,0.16787464287881304
BC496,vmPFC,dmPFC,0.235946056142033
BC496,vmPFC,PCC,0.6313075959292945
BC496,dmPFC,PCC,0.09147428384596751
BC496,vmPFC,a_ins,0.15684279990551903
BC496,dmPFC,a_ins,0.5964020880606659
BC496,PCC,a_ins,-0.03810340141246327
BC496,vmPFC,pm_ins,-0.05640953778415285
BC496,dmPFC,pm_ins,0.22457214921405103
BC496,PCC,pm_ins,-0.014642352650909752
BC496,a_ins,pm_ins,0.4926317510266485
BC496,vmPFC,dACC,0.044917396974676435
BC496,dmPFC,dACC,0.5433664756804452
BC496,PCC,dACC,-0.007153146096420667
BC496,a_ins,dACC,0.5937521605411032
BC496,pm_ins,dACC,0.6169116200622176
BC496,vmPFC,amyg,0.24709665489131363
BC496,dmPFC,amyg,0.04391499798266392
BC496,PCC,amyg,0.04804686199995605
BC496,a_ins,amyg,0.34316412532805834
BC496,pm_ins,amyg,0.26321578706234716
BC496,dACC,amyg,0.16518584723394833
BC496,vmPFC,TP,0.31968500399243466
BC496,dmPFC,TP,-0.14405751974798453
BC496,PCC,TP,0.13898902208453667
BC496,a_ins,TP,0.005168631201642137
BC496,pm_ins,TP,-0.03813550240778769
BC496,dACC,TP,-0.177901997499618
BC496,amyg,TP,0.31202643599265756
BC496,vmPFC,dlPFC,0.4579079959441822
BC496,dmPFC,dlPFC,0.5644305660899775
BC496,PCC,dlPFC,0.330242306516241
BC496,a_ins,dlPFC,0.1554157768924539
BC496,pm_ins,dlPFC,-0.1200869961893131
BC496,dACC,dlPFC,0.09680683361273694
BC496,amyg,dlPFC,0.11982230461508327
BC496,TP,dlPFC,0.19657099972974265
BC514,vmPFC,dmPFC,0.6734812112171009
BC514,vmPFC,PCC,0.7122270196030065
BC514,dmPFC,PCC,0.44592164934501616
BC514,vmPFC,a_ins,0.5027380645271032
BC514,dmPFC,a_ins,0.542856240795543
BC514,PCC,a_ins,0.13875213465268937
BC514,vmPFC,pm_ins,0.5493009570462982
BC514,dmPFC,pm_ins,0.5448205378012766
BC514,PCC,pm_ins,0.36493891519974
BC514,a_ins,pm_ins,0.5787955661897616
BC514,vmPFC,dACC,0.6090187644985866
BC514,dmPFC,dACC,0.7034373904880392
BC514,PCC,dACC,0.46212032835525646
BC514,a_ins,dACC,0.40777877250311356
BC514,pm_ins,dACC,0.7190008454049055
BC514,vmPFC,amyg,0.18158566016254896
BC514,dmPFC,amyg,0.053173741357191565
BC514,PCC,amyg,0.08013481168353873
BC514,a_ins,amyg,0.2752786989161929
BC514,pm_ins,amyg,0.04822980605331944
BC514,dACC,amyg,0.002639983812589741
BC514,vmPFC,TP,0.3930725308116007
BC514,dmPFC,TP,0.2549979950646845
BC514,PCC,TP,0.34717683528815657
BC514,a_ins,TP,0.216272685768478
BC514,pm_ins,TP,0.2942750078962955
BC514,dACC,TP,0.2669183893600841
BC514,amyg,TP,0.33553905987711014
BC514,vmPFC,dlPFC,0.6897290073066095
BC514,dmPFC,dlPFC,0.797328314537364
BC514,PCC,dlPFC,0.5750928431186109
BC514,a_ins,dlPFC,0.4571213734267666
BC514,pm_ins,dlPFC,0.4165370479115816
BC514,dACC,dlPFC,0.4511087738236609
BC514,amyg,dlPFC,0.1196111083693929
BC514,TP,dlPFC,0.35787091076117855
BC771,vmPFC,dmPFC,0.5002186512092678
BC771,vmPFC,PCC,0.5823107939662011
BC771,dmPFC,PCC,0.49330921885022966
BC771,vmPFC,a_ins,0.48809434466555585
BC771,dmPFC,a_ins,0.57107599893702
BC771,PCC,a_ins,0.11793115582320718
BC771,vmPFC,pm_ins,0.6016199553346672
BC771,dmPFC,pm_ins,0.6221040792140438
BC771,PCC,pm_ins,0.3320051430034301
BC771,a_ins,pm_ins,0.7370114467065176
BC771,vmPFC,dACC,0.6413952805788534
BC771,dmPFC,dACC,0.6996147240645535
BC771,PCC,dACC,0.42196394682185856
BC771,a_ins,dACC,0.5573696256965303
BC771,pm_ins,dACC,0.6569099188324513
BC771,vmPFC,amyg,0.5353338437415774
BC771,dmPFC,amyg,0.1877789917751372
BC771,PCC,amyg,0.24972490284388574
BC771,a_ins,amyg,0.3667425670991416
BC771,pm_ins,amyg,0.3354083779092309
BC771,dACC,amyg,0.18238203197783673
BC771,vmPFC,TP,0.2780989516038139
BC771,dmPFC,TP,0.14907440636743458
BC771,PCC,TP,0.20275281843757176
BC771,a_ins,TP,0.1887323092971552
BC771,pm_ins,TP,0.19061190528545394
BC771,dACC,TP,-0.022790262937345488
BC771,amyg,TP,0.3609961072190677
BC771,vmPFC,dlPFC,0.541082608816429
BC771,dmPFC,dlPFC,0.7963624691265316
BC771,PCC,dlPFC,0.6113937675916616
BC771,a_ins,dlPFC,0.4406835096799018
BC771,pm_ins,dlPFC,0.5785526416014406
BC771,dACC,dlPFC,0.4990811794140623
BC771,amyg,dlPFC,0.23792230936559577
BC771,TP,dlPFC,0.23358054851155344
BD234,vmPFC,dmPFC,0.34179918525337755
BD234,vmPFC,PCC,0.6270830210460383
BD234,dmPFC,PCC,0.03979001755463362
BD234,vmPFC,a_ins,0.432776110824636
BD234,dmPFC,a_ins,0.7161649449395691
BD234,PCC,a_ins,0.031400534862974165
BD234,vmPFC,pm_ins,0.5047683876537022
BD234,dmPFC,pm_ins,0.6512696576135435
BD234,PCC,pm_ins,0.2595721075845126
BD234,a_ins,pm_ins,0.608998328378873
BD234,vmPFC,dACC,0.5786214967629396
BD234,dmPFC,dACC,0.6598592701588193
BD234,PCC,dACC,0.37397969044628443
BD234,a_ins,dACC,0.5503698766995507
BD234,pm_ins,dACC,0.5660621383382511
BD234,vmPFC,amyg,0.3971911906284253
BD234,dmPFC,amyg,0.3901422967324037
BD234,PCC,amyg,0.22361205328579817
BD234,a_ins,amyg,0.3570767765573637
BD234,pm_ins,amyg,0.5608999604272694
BD234,dACC,amyg,0.2313998194996247
BD234,vmPFC,TP,0.3264815985102012
BD234,dmPFC,TP,0.18774062114968262
BD234,PCC,TP,0.2898371451326354
BD234,a_ins,TP,0.12770864273887655
BD234,pm_ins,TP,0.400775023455082
BD234,dACC,TP,0.12342165973084857
BD234,amyg,TP,0.43746017504920515
BD234,vmPFC,dlPFC,0.5394637995164878
BD234,dmPFC,dlPFC,0.721999978788876
BD234,PCC,dlPFC,0.34799815820329855
BD234,a_ins,dlPFC,0.5101176046091581
BD234,pm_ins,dlPFC,0.5307917936502357
BD234,dACC,dlPFC,0.5791178652608255
BD234,amyg,dlPFC,0.3189534599305007
BD234,TP,dlPFC,0.13438212873601948
BH100,vmPFC,dmPFC,0.32707010799288233
BH100,vmPFC,PCC,0.7311825678651616
BH100,dmPFC,PCC,0.22857579938324962
BH100,vmPFC,a_ins,0.17817562283392663
BH100,dmPFC,a_ins,0.6224184632458682
BH100,PCC,a_ins,-0.058540976066896296
BH100,vmPFC,pm_ins,0.11216303266883552
BH100,dmPFC,pm_ins,0.26008040695492524
BH100,PCC,pm_ins,-0.011227081142101343
BH100,a_ins,pm_ins,0.21471572388394108
BH100,vmPFC,dACC,0.44590251482468624
BH100,dmPFC,dACC,0.5953332389177383
BH100,PCC,dACC,0.3049605989077172
BH100,a_ins,dACC,0.41598951085124547
BH100,pm_ins,dACC,0.6375986963410881
BH100,vmPFC,amyg,0.16006023018140647
BH100,dmPFC,amyg,-0.04748518749188554
BH100,PCC,amyg,0.06355470739301886
BH100,a_ins,amyg,-0.25229978515096574
BH100,pm_ins,amyg,0.16894894702578764
BH100,dACC,amyg,0.011170552119672645
BH100,vmPFC,TP,0.1530776922980622
BH100,dmPFC,TP,-0.337134471148415
BH100,PCC,TP,0.19688707111439346
BH100,a_ins,TP,-0.42584972626388096
BH100,pm_ins,TP,-0.1714425630367168
BH100,dACC,TP,-0.3514235143291667
BH100,amyg,TP,0.24773736324192855
BH100,vmPFC,dlPFC,0.4888123259888546
BH100,dmPFC,dlPFC,0.7324190143596235
BH100,PCC,dlPFC,0.42718305986776106
BH100,a_ins,dlPFC,0.4530211757349763
BH100,pm_ins,dlPFC,-0.0023052137333579954
BH100,dACC,dlPFC,0.4309709790229861
BH100,amyg,dlPFC,-0.08647015038540154
BH100,TP,dlPFC,-0.30166128882762067
BH254,vmPFC,dmPFC,0.38058194705555815
BH254,vmPFC,PCC,0.165725316872558
BH254,dmPFC,PCC,0.3621027858663492
BH254,vmPFC,a_ins,0.16695539039735627
BH254,dmPFC,a_ins,0.4793630546457034
BH254,PCC,a_ins,0.35197963422941203
BH254,vmPFC,pm_ins,0.019026652233295315
BH254,dmPFC,pm_ins,0.0778343841718167
BH254,PCC,pm_ins,-0.17660156086812
BH254,a_ins,pm_ins,0.1576608697031041
BH254,vmPFC,dACC,0.24071817199607734
BH254,dmPFC,dACC,0.4354396557935395
BH254,PCC,dACC,0.07874617447695911
BH254,a_ins,dACC,0.48641233116810795
BH254,pm_ins,dACC,0.5689130948369904
BH254,vmPFC,amyg,0.3040615240409466
BH254,dmPFC,amyg,0.0813370264819561
BH254,PCC,amyg,0.02212192278312274
BH254,a_ins,amyg,0.007604360552303916
BH254,pm_ins,amyg,0.07212273632361171
BH254,dACC,amyg,0.07727727619720762
BH254,vmPFC,TP,0.33175446662903285
BH254,dmPFC,TP,0.21948930764845037
BH254,PCC,TP,0.26462614268521284
BH254,a_ins,TP,0.18284420479775457
BH254,pm_ins,TP,0.01590681318598681
BH254,dACC,TP,0.16954563490319596
BH254,amyg,TP,0.4920799136311762
BH254,vmPFC,dlPFC,0.3713121517984264
BH254,dmPFC,dlPFC,0.7659501284791428
BH254,PCC,dlPFC,0.6010839319024621
BH254,a_ins,dlPFC,0.42800496798320947
BH254,pm_ins,dlPFC,-0.005939877083224848
BH254,dACC,dlPFC,0.3770636092939302
BH254,amyg,dlPFC,0.025736053051029766
BH254,TP,dlPFC,0.24829476943232667
BH806,vmPFC,dmPFC,0.4353314689146557
BH806,vmPFC,PCC,0.6862675003173412
BH806,dmPFC,PCC,0.29726035424272845
BH806,vmPFC,a_ins,0.1973880463251285
BH806,dmPFC,a_ins,0.3252005076114765
BH806,PCC,a_ins,-0.06040312397847306
BH806,vmPFC,pm_ins,0.13406662326725105
BH806,dmPFC,pm_ins,-0.013830984370073287
BH806,PCC,pm_ins,-0.13114212494898386
BH806,a_ins,pm_ins,0.6428248438102503
BH806,vmPFC,dACC,0.20051751816353944
BH806,dmPFC,dACC,0.42152603176407594
BH806,PCC,dACC,0.057602205730555175
BH806,a_ins,dACC,0.628845957578308
BH806,pm_ins,dACC,0.38713395365125464
BH806,vmPFC,amyg,0.2584507759468331
BH806,dmPFC,amyg,-0.08032193410743776
BH806,PCC,amyg,0.04557007841856183
BH806,a_ins,amyg,0.2735712352885305
BH806,pm_ins,amyg,0.5342671186833189
BH806,dACC,amyg,0.0700482062565763
BH806,vmPFC,TP,0.3215467295600346
BH806,dmPFC,TP,0.20515200277482035
BH806,PCC,TP,0.21224286892914526
BH806,a_ins,TP,0.06108658233674674
BH806,pm_ins,TP,0.11004267342240343
BH806,dACC,TP,-0.0013850900044233422
BH806,amyg,TP,0.2852703891419074
BH806,vmPFC,dlPFC,0.47772120119331646
BH806,dmPFC,dlPFC,0.5191991982960449
BH806,PCC,dlPFC,0.594095376572525
BH806,a_ins,dlPFC,0.19333037546076634
BH806,pm_ins,dlPFC,-0.054773561012787735
BH806,dACC,dlPFC,0.3286308834394504
BH806,amyg,dlPFC,-0.0031049932313851913
BH806,TP,dlPFC,0.1806099651115799
BG,vmPFC,dmPFC,0.24522541437941836
BG,vmPFC,PCC,0.31083760669184
BG,dmPFC,PCC,-0.04199468338020876
BG,vmPFC,a_ins,0.34620687274610995
BG,dmPFC,a_ins,0.6462154897537575
BG,PCC,a_ins,0.002784515319385611
BG,vmPFC,pm_ins,0.24013925938958677
BG,dmPFC,pm_ins,0.505880546442295
BG,PCC,pm_ins,-0.11717657367740737
BG,a_ins,pm_ins,0.4635469274477785
BG,vmPFC,dACC,0.2896011675622136
BG,dmPFC,dACC,0.588680672911347
BG,PCC,dACC,-0.028979176712878238
BG,a_ins,dACC,0.4410497455021609
BG,pm_ins,dACC,0.56659196813642565
BG,vmPFC,amyg,0.1170154522801063
BG,dmPFC,amyg,0.14457389231879664
BG,PCC,amyg,0.04571766369771294
BG,a_ins,amyg,0.1525509784656928
BG,pm_ins,amyg,0.21350818848484618
BG,dACC,amyg,0.057307770355368985
BG,vmPFC,TP,0.16048518308879836
BG,dmPFC,TP,-0.008930499542394265
BG,PCC,TP,0.4381013990212675
BG,a_ins,TP,0.14609553860539848
BG,pm_ins,TP,0.10298272930713925
BG,dACC,TP,0.06978117940023273
BG,amyg,TP,0.05029947937873056
BG,vmPFC,dlPFC,0.32012961854186006
BG,dmPFC,dlPFC,0.5510991966572824
BG,PCC,dlPFC,0.45769645510924567
BG,a_ins,dlPFC,0.49691859127055493
BG,pm_ins,dlPFC,0.09995197430863394
BG,dACC,dlPFC,0.13564489050546916
BG,amyg,dlPFC,0.10314555954270109
BG,TP,dlPFC,0.300382818376599
